id,hospital_name,state,district,pincode,latitude,longitude,geographic_status,reason
393eb7fa-337f-4fc9-a8f7-82c7f8c0112b,Padmavathi Hospital,Andhra Pradesh,Anantapur,515001,15.3474564,75.1253824,STATE_MISMATCH,"Declared state ""Andhra Pradesh"" does not contain coordinates (15.3474564, 75.1253824). Coordinates locate in/near ""Karnataka""."
8219dac0-daa5-4479-9a09-d2d549085105,Varun Children's Hospital,Andhra Pradesh,Anantapur,515001,19.0627033,72.9297396,STATE_MISMATCH,"Declared state ""Andhra Pradesh"" does not contain coordinates (19.0627033, 72.9297396). Coordinates locate in/near ""Maharashtra""."
d54fcd09-dddb-4297-82ba-d6067ecab026,Lakshmi Hospital,Andhra Pradesh,Chittoor,517001,28.6481837,77.3709431,STATE_MISMATCH,"Declared state ""Andhra Pradesh"" does not contain coordinates (28.6481837, 77.3709431). Coordinates locate in/near ""Haryana""."
cf4eea00-0dc7-4e26-b87c-1d243a766934,Popular Nursing Home,Andhra Pradesh,Chittoor,517325,30.3145962,78.0357476,STATE_MISMATCH,"Declared state ""Andhra Pradesh"" does not contain coordinates (30.3145962, 78.0357476). Coordinates locate in/near ""Himachal Pradesh""."
c7653942-3764-4992-a443-ba419985a16a,Sri Padmavathi Multi Speciality Hospital,Andhra Pradesh,Chittoor,517501,23.0866456,72.5630236,STATE_MISMATCH,"Declared state ""Andhra Pradesh"" does not contain coordinates (23.0866456, 72.5630236). Coordinates locate in/near ""Gujarat""."
28f35b69-1670-48f6-aeb8-8c22132b2fdf,Sri Venkateswara Hospitals,Andhra Pradesh,Chittoor,517501,26.896961,75.792554,STATE_MISMATCH,"Declared state ""Andhra Pradesh"" does not contain coordinates (26.896961, 75.792554). Coordinates locate in/near ""Madhya Pradesh""."
c8c3c992-0560-477c-89e3-974acc7dd111,Vennela Super Speciality Eye and Dental Hospital,Andhra Pradesh,Chittoor,517502,28.6779455,77.3103012,STATE_MISMATCH,"Declared state ""Andhra Pradesh"" does not contain coordinates (28.6779455, 77.3103012). Coordinates locate in/near ""Haryana""."
af83dc4d-a612-4184-b359-5c3d596f65ba,Sri Sai Nursing Home,Andhra Pradesh,Chittoor,517583,12.7686756,75.2070644,STATE_MISMATCH,"Declared state ""Andhra Pradesh"" does not contain coordinates (12.7686756, 75.2070644). Coordinates locate in/near ""Karnataka""."
bd83c287-2d75-4fb4-8aca-2ae48e1bf9d9,Vani Priya Hospital,Andhra Pradesh,Chittoor,517644,22.5657131,88.3557301,STATE_MISMATCH,"Declared state ""Andhra Pradesh"" does not contain coordinates (22.5657131, 88.3557301). Coordinates locate in/near ""West Bengal""."
c7671b14-94de-4960-832b-d16118d2303d,Jyothi Nursing Home,Andhra Pradesh,Y.S.R.,516001,17.6651796,75.8970483,STATE_MISMATCH,"Declared state ""Andhra Pradesh"" does not contain coordinates (17.6651796, 75.8970483). Coordinates locate in/near ""Karnataka""."
3cacc994-ff1c-4768-b0fb-d5acc46936ec,K.C.M. Hospital,Andhra Pradesh,Y.S.R.,516001,19.0266349,72.8594614,STATE_MISMATCH,"Declared state ""Andhra Pradesh"" does not contain coordinates (19.0266349, 72.8594614). Coordinates locate in/near ""Maharashtra""."
350e76cf-9023-4891-9f56-ed1f70d68ed1,Lakshmi Kishore Hospital,Andhra Pradesh,Y.S.R.,516360,26.1781993,91.773379,STATE_MISMATCH,"Declared state ""Andhra Pradesh"" does not contain coordinates (26.1781993, 91.773379). Coordinates locate in/near ""Assam""."
12d62006-a0a5-4e59-9b0f-20b7019c0387,7 Star Superspeciality Hospital,Andhra Pradesh,East Godavari,533001,32.458567,74.5000465,STATE_MISMATCH,"Declared state ""Andhra Pradesh"" does not contain coordinates (32.458567, 74.5000465). Coordinates locate in/near ""Punjab""."
5de0438e-8081-4300-bd31-6d225b00b235,Care Emergency Hospital,Andhra Pradesh,East Godavari,533001,29.5160925,74.5877445,STATE_MISMATCH,"Declared state ""Andhra Pradesh"" does not contain coordinates (29.5160925, 74.5877445). Coordinates locate in/near ""Haryana""."
5ba83738-85b2-4864-a50f-653bd858badc,Bhanu Nursing Home and Eye Hospital,Andhra Pradesh,East Godavari,533003,34.1255413,74.9442585,STATE_MISMATCH,"Declared state ""Andhra Pradesh"" does not contain coordinates (34.1255413, 74.9442585). Coordinates locate in/near ""Jammu and Kashmir""."
99b43e38-aa35-4bee-ada9-06f512aad543,Sri Srinivasa Hospitals,Andhra Pradesh,East Godavari,533101,11.0216153,76.9512637,STATE_MISMATCH,"Declared state ""Andhra Pradesh"" does not contain coordinates (11.0216153, 76.9512637). Coordinates locate in/near ""Kerala""."
fe30a39c-bd43-47b7-800d-64377bad5598,Raja Neuro And Multi Speciality Hospital Pvt Ltd,Andhra Pradesh,East Godavari,533103,11.021315,76.970487,STATE_MISMATCH,"Declared state ""Andhra Pradesh"" does not contain coordinates (11.021315, 76.970487). Coordinates locate in/near ""Kerala""."
18999891-f5f9-4392-8b63-d72e8c49184f,Konaseva Institute Of Medical Science,Andhra Pradesh,East Godavari,533201,15.2913649,75.1458943,STATE_MISMATCH,"Declared state ""Andhra Pradesh"" does not contain coordinates (15.2913649, 75.1458943). Coordinates locate in/near ""Karnataka""."
bafe63d0-dedf-45a5-a729-99d864bdf9bf,"CGHS Dispensary No.I, Charmina",Andhra Pradesh,Hyderabad,0,31.5692047,74.3797556,STATE_MISMATCH,"Declared state ""Andhra Pradesh"" does not contain coordinates (31.5692047, 74.3797556). Coordinates locate in/near ""Punjab""."
d2f6af15-ea6a-4265-ad1f-b5850538b60e,Bristlecone Hospital,Andhra Pradesh,Hyderabad,500027,31.3929171,73.0853019,STATE_MISMATCH,"Declared state ""Andhra Pradesh"" does not contain coordinates (31.3929171, 73.0853019). Coordinates locate in/near ""OUTSIDE_KNOWN_STATE_BOUNDS""."
5513f5ee-0262-493a-a459-88d76248cd63,Sri Srinivasa Hospital,Andhra Pradesh,Hyderabad,500059,18.4451474,73.855663,STATE_MISMATCH,"Declared state ""Andhra Pradesh"" does not contain coordinates (18.4451474, 73.855663). Coordinates locate in/near ""Maharashtra""."
f33b6109-86cb-4086-bcdc-56a58f66fc46,Udbhava Children's Hospital,Andhra Pradesh,Hyderabad,500072,19.0591772,72.8468228,STATE_MISMATCH,"Declared state ""Andhra Pradesh"" does not contain coordinates (19.0591772, 72.8468228). Coordinates locate in/near ""Maharashtra""."
94c7a3b1-adc0-4a8a-94af-46acc356ef76,Care Hospital - Vijayawada,Andhra Pradesh,Krishna,520010,19.1548096,72.841757,STATE_MISMATCH,"Declared state ""Andhra Pradesh"" does not contain coordinates (19.1548096, 72.841757). Coordinates locate in/near ""Maharashtra""."
cd1e98b2-06b1-4b8f-b479-cd2f52341214,Rameeza Orthopaedic Centre,Andhra Pradesh,Krishna,520010,11.1117615,78.0064244,STATE_MISMATCH,"Declared state ""Andhra Pradesh"" does not contain coordinates (11.1117615, 78.0064244). Coordinates locate in/near ""Tamil Nadu""."
523cac27-cd4d-43b9-a908-e6cc93561660,Shri Madhu Hospitals,Andhra Pradesh,Krishna,521001,21.203796,72.7900049,STATE_MISMATCH,"Declared state ""Andhra Pradesh"" does not contain coordinates (21.203796, 72.7900049). Coordinates locate in/near ""Gujarat""."
2d7a7820-af79-4419-ac29-dfdef066e01d,Padmavathi Hospitals,Andhra Pradesh,Krishna,521301,12.3287999,76.6611452,STATE_MISMATCH,"Declared state ""Andhra Pradesh"" does not contain coordinates (12.3287999, 76.6611452). Coordinates locate in/near ""Karnataka""."
0db25848-350f-4439-906c-5ad4be8154fa,Sree Aswini Hospital,Andhra Pradesh,Kurnool,518002,20.9417146,86.123971,STATE_MISMATCH,"Declared state ""Andhra Pradesh"" does not contain coordinates (20.9417146, 86.123971). Coordinates locate in/near ""Odisha""."
e2300c7c-557f-4d8d-aa69-5f0ce3257793,Tcr Multispeciality Hospital,Andhra Pradesh,Kurnool,518124,12.5186113,78.2137365,STATE_MISMATCH,"Declared state ""Andhra Pradesh"" does not contain coordinates (12.5186113, 78.2137365). Coordinates locate in/near ""Karnataka""."
cbaa3dca-be7e-403b-8618-630d0dddc12e,Desai Nursing Home,Andhra Pradesh,Kurnool,518301,19.0875717,72.9126514,STATE_MISMATCH,"Declared state ""Andhra Pradesh"" does not contain coordinates (19.0875717, 72.9126514). Coordinates locate in/near ""Maharashtra""."
11abee27-5a17-40af-899f-eb1b87f48e9f,Sri Ratnam Hospital,Andhra Pradesh,SPSR Nellore,524001,28.693808,77.3349982,STATE_MISMATCH,"Declared state ""Andhra Pradesh"" does not contain coordinates (28.693808, 77.3349982). Coordinates locate in/near ""Haryana""."
6b78d7fe-9fff-43d2-b77a-bd0d0842b611,Rambabu Hospital,Andhra Pradesh,Prakasam,523001,21.2530873,81.6311991,STATE_MISMATCH,"Declared state ""Andhra Pradesh"" does not contain coordinates (21.2530873, 81.6311991). Coordinates locate in/near ""Chhattisgarh""."
3634219f-66c0-4286-b677-fd4674c86ed8,Sitarama Nursing Home,Andhra Pradesh,Srikakulam,532221,23.2156354,72.6369415,STATE_MISMATCH,"Declared state ""Andhra Pradesh"" does not contain coordinates (23.2156354, 72.6369415). Coordinates locate in/near ""Gujarat""."
e6daa897-bfd8-4efe-8d29-573c4988c715,R.K. Children's Hospital,Andhra Pradesh,Visakhapatnam,530002,30.6935584,76.2243708,STATE_MISMATCH,"Declared state ""Andhra Pradesh"" does not contain coordinates (30.6935584, 76.2243708). Coordinates locate in/near ""Haryana""."
9a1f64fb-1cf7-4475-ae7f-1788a831ab4e,Sri Venkataramana Hospital,Andhra Pradesh,Visakhapatnam,530002,28.656668,77.277813,STATE_MISMATCH,"Declared state ""Andhra Pradesh"" does not contain coordinates (28.656668, 77.277813). Coordinates locate in/near ""Haryana""."
c7d1b82a-4913-4f6e-9898-d5ff6627d824,"Aswini Clinic, Maternity and Nursing Home",Andhra Pradesh,Visakhapatnam,531001,28.4665261,77.0190628,STATE_MISMATCH,"Declared state ""Andhra Pradesh"" does not contain coordinates (28.4665261, 77.0190628). Coordinates locate in/near ""Haryana""."
8ec12def-f45a-4067-b923-bdd72bfece80,Sri Hanuman Children Hospital,Andhra Pradesh,Vizianagaram,535558,11.5354658,79.3193142,STATE_MISMATCH,"Declared state ""Andhra Pradesh"" does not contain coordinates (11.5354658, 79.3193142). Coordinates locate in/near ""Tamil Nadu""."
4c91191a-10bb-4cc1-9b33-55523f2dc6db,Mother Child Hospital,Andhra Pradesh,West Godavari,534002,16.8660694,96.195132,STATE_MISMATCH,"Declared state ""Andhra Pradesh"" does not contain coordinates (16.8660694, 96.195132). Coordinates locate in/near ""OUTSIDE_KNOWN_STATE_BOUNDS""."
db6879b9-3d89-4a0b-9e23-2338c00a2e7c,Sri Lakshmi Hospital,Andhra Pradesh,West Godavari,534202,31.716463,73.3755022,STATE_MISMATCH,"Declared state ""Andhra Pradesh"" does not contain coordinates (31.716463, 73.3755022). Coordinates locate in/near ""OUTSIDE_KNOWN_STATE_BOUNDS""."
1c43a312-716f-4f98-9135-f6a073b9733b,Haritha Hospital,Andhra Pradesh,West Godavari,534260,32.498987,74.53873,STATE_MISMATCH,"Declared state ""Andhra Pradesh"" does not contain coordinates (32.498987, 74.53873). Coordinates locate in/near ""Punjab""."
a177c04c-387c-42dc-b837-9bdbf5bd5b8d,Mawsumi Hospital and Research Center,Assam,Cachar,788001,18.5081985,73.7959566,STATE_MISMATCH,"Declared state ""Assam"" does not contain coordinates (18.5081985, 73.7959566). Coordinates locate in/near ""Maharashtra""."
136de16e-98c2-4b27-a582-1abc2f927f20,Gauripur Hospital,Assam,Dhubri,783331,23.5403,90.7866722,STATE_MISMATCH,"Declared state ""Assam"" does not contain coordinates (23.5403, 90.7866722). Coordinates locate in/near ""OUTSIDE_KNOWN_STATE_BOUNDS""."
aa93eb3b-2e01-4762-8433-72c2f68683d0,Dr Damani's Nursing Home,Assam,Dibrugarh,786001,26.2771678,73.0366676,STATE_MISMATCH,"Declared state ""Assam"" does not contain coordinates (26.2771678, 73.0366676). Coordinates locate in/near ""Rajasthan""."
8a7d245a-d841-42be-a2bf-535e57c02786,Sristi Hospitals And Research Centre Pvt Ltd,Assam,Dibrugarh,786005,30.2886168,78.0552088,STATE_MISMATCH,"Declared state ""Assam"" does not contain coordinates (30.2886168, 78.0552088). Coordinates locate in/near ""Uttar Pradesh""."
875a7e0f-acd6-492e-bb72-697597a8bbed,Sun Valley Hospital - Guwahati,Assam,Kamrup,781006,27.4924134,77.673673,STATE_MISMATCH,"Declared state ""Assam"" does not contain coordinates (27.4924134, 77.673673). Coordinates locate in/near ""Rajasthan""."
aaff6c5a-2806-4778-9b2c-b88f71dad3ae,City Heart Hospital,Assam,Kamrup,781007,31.5598318,74.3012121,STATE_MISMATCH,"Declared state ""Assam"" does not contain coordinates (31.5598318, 74.3012121). Coordinates locate in/near ""Punjab""."
f34457d8-934b-4c2a-a6ae-778a8a32d0fe,Bihpuria CHC,Assam,Lakhimpur,784161,27.9490794,80.7824012,STATE_MISMATCH,"Declared state ""Assam"" does not contain coordinates (27.9490794, 80.7824012). Coordinates locate in/near ""Uttar Pradesh""."
763757e7-dd14-44f2-8ebb-7ff3157309e6,Dalpur CHC,Assam,Lakhimpur,787001,27.9490794,80.7824012,STATE_MISMATCH,"Declared state ""Assam"" does not contain coordinates (27.9490794, 80.7824012). Coordinates locate in/near ""Uttar Pradesh""."
03f202b5-27d1-458d-bfd3-21271b4b88b9,Happy Nursing Home,Assam,Lakhimpur,787001,27.9490794,80.7824012,STATE_MISMATCH,"Declared state ""Assam"" does not contain coordinates (27.9490794, 80.7824012). Coordinates locate in/near ""Uttar Pradesh""."
305fc7ff-2650-4c5e-984f-04613464ea20,Mid Town Hospital and Research Institute,Assam,Lakhimpur,787001,27.9490794,80.7824012,STATE_MISMATCH,"Declared state ""Assam"" does not contain coordinates (27.9490794, 80.7824012). Coordinates locate in/near ""Uttar Pradesh""."
dd07eb85-a247-4cf7-af5d-040270f49944,Saumerpith Nursing Pvt Ltd,Assam,Lakhimpur,787001,27.9490794,80.7824012,STATE_MISMATCH,"Declared state ""Assam"" does not contain coordinates (27.9490794, 80.7824012). Coordinates locate in/near ""Uttar Pradesh""."
87e94a9b-f093-40eb-9cdb-50e79fb7c105,Nowboicha CHC,Assam,Lakhimpur,787023,27.9490794,80.7824012,STATE_MISMATCH,"Declared state ""Assam"" does not contain coordinates (27.9490794, 80.7824012). Coordinates locate in/near ""Uttar Pradesh""."
68ee9ff4-a738-4722-8568-927e97be7066,Sampreeti Hospital,Assam,Sivasagar,785640,12.9738208,77.5288881,STATE_MISMATCH,"Declared state ""Assam"" does not contain coordinates (12.9738208, 77.5288881). Coordinates locate in/near ""Andhra Pradesh""."
a54b321b-850f-44c4-ba4d-7689fd1470f1,Haddi and Dental Hospital,Bihar,Aurangabad,824101,19.8761653,75.3433139,STATE_MISMATCH,"Declared state ""Bihar"" does not contain coordinates (19.8761653, 75.3433139). Coordinates locate in/near ""Maharashtra""."
6688b1ef-8d15-422b-8560-80589f0aec55,Health World,Bihar,Aurangabad,824101,19.8761653,75.3433139,STATE_MISMATCH,"Declared state ""Bihar"" does not contain coordinates (19.8761653, 75.3433139). Coordinates locate in/near ""Maharashtra""."
48a32fe1-6dfd-45d3-8b94-ced23643d4ba,Pulse Women Hospital,Bihar,Aurangabad,824101,19.8761653,75.3433139,STATE_MISMATCH,"Declared state ""Bihar"" does not contain coordinates (19.8761653, 75.3433139). Coordinates locate in/near ""Maharashtra""."
d1e661ce-f4ba-4716-b3e9-b3ef4d6ed2a9,Shanker Nursing Home,Bihar,Aurangabad,824101,19.8761653,75.3433139,STATE_MISMATCH,"Declared state ""Bihar"" does not contain coordinates (19.8761653, 75.3433139). Coordinates locate in/near ""Maharashtra""."
761a9c66-2469-477a-a52d-fb5b2f853bcc,Swastik Hospital,Bihar,Aurangabad,824101,19.8761653,75.3433139,STATE_MISMATCH,"Declared state ""Bihar"" does not contain coordinates (19.8761653, 75.3433139). Coordinates locate in/near ""Maharashtra""."
56632e18-275b-414f-8d97-d25e7dee0f59,Shivani Health Care Centre,Bihar,Begusarai,851101,23.0734622,72.5918636,STATE_MISMATCH,"Declared state ""Bihar"" does not contain coordinates (23.0734622, 72.5918636). Coordinates locate in/near ""Gujarat""."
e0afbd58-1cc7-40b3-9419-c32a0861141c,"Pushpdeep Trauma,Replacement And Spine Clinic",Bihar,Bhagalpur,812001,23.3666425,85.3248851,STATE_MISMATCH,"Declared state ""Bihar"" does not contain coordinates (23.3666425, 85.3248851). Coordinates locate in/near ""Jharkhand""."
43ce790f-551f-4a47-8f4b-e8b7b6342fb6,Shrishti Nursing Home,Bihar,Bhagalpur,812001,23.3666425,85.3248851,STATE_MISMATCH,"Declared state ""Bihar"" does not contain coordinates (23.3666425, 85.3248851). Coordinates locate in/near ""Jharkhand""."
1a6ea199-b608-468e-b6ef-7ca485b65f9a,Sneh Nursing Home,Bihar,Bhagalpur,812001,31.4329486,75.713901,STATE_MISMATCH,"Declared state ""Bihar"" does not contain coordinates (31.4329486, 75.713901). Coordinates locate in/near ""Himachal Pradesh""."
67a50056-cb71-4e1e-ad9e-90f867b4d7b5,Ma Shivratri Dental Health Hospital,Bihar,Buxar,802101,22.7086412,90.3702748,STATE_MISMATCH,"Declared state ""Bihar"" does not contain coordinates (22.7086412, 90.3702748). Coordinates locate in/near ""OUTSIDE_KNOWN_STATE_BOUNDS""."
e89cbb78-d1d4-4899-95da-1a0dbb7e2150,Maa Bhagwati Nursing Home,Bihar,Darbhanga,846003,25.1336987,82.5644344,STATE_MISMATCH,"Declared state ""Bihar"" does not contain coordinates (25.1336987, 82.5644344). Coordinates locate in/near ""Madhya Pradesh""."
76f542a0-25b6-4278-8e6b-deb6d9d61e4e,Nn Memorial Hospital,Bihar,Darbhanga,846003,32.0765869,72.6972609,STATE_MISMATCH,"Declared state ""Bihar"" does not contain coordinates (32.0765869, 72.6972609). Coordinates locate in/near ""OUTSIDE_KNOWN_STATE_BOUNDS""."
37b82ee0-1bf4-46fc-8754-1b3019384785,Hospito Care,Bihar,East Champaran,845401,23.810332,90.4125181,STATE_MISMATCH,"Declared state ""Bihar"" does not contain coordinates (23.810332, 90.4125181). Coordinates locate in/near ""OUTSIDE_KNOWN_STATE_BOUNDS""."
9a4c3bf7-9e59-475f-9e2d-764262a26dcf,Jai Shree Swasthya Kendra,Bihar,East Champaran,845401,23.810332,90.4125181,STATE_MISMATCH,"Declared state ""Bihar"" does not contain coordinates (23.810332, 90.4125181). Coordinates locate in/near ""OUTSIDE_KNOWN_STATE_BOUNDS""."
bae2c4d6-0b6a-4704-b3a6-3df2e4c46569,Matra Chaya,Bihar,East Champaran,845418,23.810332,90.4125181,STATE_MISMATCH,"Declared state ""Bihar"" does not contain coordinates (23.810332, 90.4125181). Coordinates locate in/near ""OUTSIDE_KNOWN_STATE_BOUNDS""."
cce1936f-efc5-4520-be0f-fbc1a9350b4c,Sri Krishna Nursing Home and Maternity Center,Bihar,Gaya,823004,22.2942013,70.7836272,STATE_MISMATCH,"Declared state ""Bihar"" does not contain coordinates (22.2942013, 70.7836272). Coordinates locate in/near ""Gujarat""."
89afdf9d-01d6-4c90-8ad8-7d57a253526c,Hi-Tech Clinic,Bihar,Jamui,811307,16.5124561,80.6174954,STATE_MISMATCH,"Declared state ""Bihar"" does not contain coordinates (16.5124561, 80.6174954). Coordinates locate in/near ""Andhra Pradesh""."
e9c1707f-968c-475b-9a41-a49d67898da4,Chitranjan Sevasadan General,Bihar,Lakhisarai,811311,13.0520155,80.2474986,STATE_MISMATCH,"Declared state ""Bihar"" does not contain coordinates (13.0520155, 80.2474986). Coordinates locate in/near ""Andhra Pradesh""."
c00233f4-4458-4ece-93e5-ebc837fb3e12,Care Nursing Home,Bihar,Madhepura,852113,10.9940111,76.9561277,STATE_MISMATCH,"Declared state ""Bihar"" does not contain coordinates (10.9940111, 76.9561277). Coordinates locate in/near ""Kerala""."
c401831d-9d2a-46d9-abf1-e06f3c34764c,Kabirayatan Eye Hospital and Research Institute,Bihar,Nalanda,801301,21.913965,95.956223,STATE_MISMATCH,"Declared state ""Bihar"" does not contain coordinates (21.913965, 95.956223). Coordinates locate in/near ""OUTSIDE_KNOWN_STATE_BOUNDS""."
f2347633-9fcb-4c00-b90e-c02428dd1afc,Patna Medical College and Hospital,Bihar,Patna,800004,21.2441227,81.620034,STATE_MISMATCH,"Declared state ""Bihar"" does not contain coordinates (21.2441227, 81.620034). Coordinates locate in/near ""Chhattisgarh""."
858320d3-75b5-4f86-9a10-efab581de3e1,Paras HMRI Hospital,Bihar,Patna,800014,23.7408738,90.4024452,STATE_MISMATCH,"Declared state ""Bihar"" does not contain coordinates (23.7408738, 90.4024452). Coordinates locate in/near ""OUTSIDE_KNOWN_STATE_BOUNDS""."
b2e39708-a199-4a90-ae1f-be7989131503,Akshat Seva Sadan,Bihar,Patna,800001,29.5900771,77.3688513,STATE_MISMATCH,"Declared state ""Bihar"" does not contain coordinates (29.5900771, 77.3688513). Coordinates locate in/near ""Haryana""."
cf059b48-8a5f-4db2-99d9-819b4330c90f,Raj Lakshmi Chikitsa Kendra,Bihar,Patna,800007,19.2647208,84.8620054,STATE_MISMATCH,"Declared state ""Bihar"" does not contain coordinates (19.2647208, 84.8620054). Coordinates locate in/near ""Odisha""."
22193a58-27ec-4417-9ed1-712586bac680,The Birth Maternity Home,Bihar,Patna,800009,23.1620527,79.9365114,STATE_MISMATCH,"Declared state ""Bihar"" does not contain coordinates (23.1620527, 79.9365114). Coordinates locate in/near ""Madhya Pradesh""."
fad07f4a-5c90-4d3e-ae52-aad02824c1bb,Laxman Care Centre,Bihar,Patna,800016,17.3223105,78.4033528,STATE_MISMATCH,"Declared state ""Bihar"" does not contain coordinates (17.3223105, 78.4033528). Coordinates locate in/near ""Andhra Pradesh""."
842cc21b-b03a-4b72-b9fd-3b9dc5d59767,Syamala Clinic and Maternity Research Centre,Bihar,Patna,800016,30.3411426,78.0229465,STATE_MISMATCH,"Declared state ""Bihar"" does not contain coordinates (30.3411426, 78.0229465). Coordinates locate in/near ""Himachal Pradesh""."
b21136e3-153a-4285-a5d2-12a4e4b3b0d3,Dr.Rupam Sinha Clinic,Bihar,Patna,800023,28.4686572,77.0183558,STATE_MISMATCH,"Declared state ""Bihar"" does not contain coordinates (28.4686572, 77.0183558). Coordinates locate in/near ""Haryana""."
ef616132-aeb2-4b1a-a088-27fe0569258d,Specialist Clinic and Nursing Home,Bihar,Patna,800025,21.8167626,80.189731,STATE_MISMATCH,"Declared state ""Bihar"" does not contain coordinates (21.8167626, 80.189731). Coordinates locate in/near ""Madhya Pradesh""."
eacb4525-2af7-4108-9c1f-9ba2c0a28b33,Indra Gandhi Memorial Seva Sansthan,Bihar,Purnia,854301,26.8745449,80.9819291,STATE_MISMATCH,"Declared state ""Bihar"" does not contain coordinates (26.8745449, 80.9819291). Coordinates locate in/near ""Madhya Pradesh""."
32f0f902-bfcf-4b7e-b8ad-0878ba2747b2,Raza Nursing Home,Bihar,Purnia,854301,30.9184526,75.8348296,STATE_MISMATCH,"Declared state ""Bihar"" does not contain coordinates (30.9184526, 75.8348296). Coordinates locate in/near ""Himachal Pradesh""."
e9c6f9bb-5061-4766-be78-4d2983af6517,Anand Hospital And Research Centre,Bihar,Rohtas,821115,31.5644469,74.3846627,STATE_MISMATCH,"Declared state ""Bihar"" does not contain coordinates (31.5644469, 74.3846627). Coordinates locate in/near ""Punjab""."
3edf320f-1ed7-478b-81b3-0f14520182b9,Rai Surgery Clinic,Bihar,Rohtas,821115,24.8973998,91.8856841,STATE_MISMATCH,"Declared state ""Bihar"" does not contain coordinates (24.8973998, 91.8856841). Coordinates locate in/near ""Assam""."
5a3aee9f-6026-4b5c-84c8-1392a4c8142e,Ayush Nursing Home,Bihar,Saharsa,852201,32.9268284,73.7301953,STATE_MISMATCH,"Declared state ""Bihar"" does not contain coordinates (32.9268284, 73.7301953). Coordinates locate in/near ""Jammu and Kashmir""."
d0263719-5ad2-40c8-afb2-2402f7b5ea43,Drishti Eye Care Centre,Bihar,Saharsa,852201,24.588231,73.7421352,STATE_MISMATCH,"Declared state ""Bihar"" does not contain coordinates (24.588231, 73.7421352). Coordinates locate in/near ""Gujarat""."
280b3b42-9788-4a9d-b475-91832d33b7ea,Surya Hospital,Bihar,Saharsa,852201,28.6513402,77.1196321,STATE_MISMATCH,"Declared state ""Bihar"" does not contain coordinates (28.6513402, 77.1196321). Coordinates locate in/near ""Haryana""."
8e6b89e0-9922-4064-9048-8a4c390332f6,Aditi Eye Care,Bihar,Samastipur,848101,23.6405364,90.9211698,STATE_MISMATCH,"Declared state ""Bihar"" does not contain coordinates (23.6405364, 90.9211698). Coordinates locate in/near ""OUTSIDE_KNOWN_STATE_BOUNDS""."
d8287124-f477-4e08-ae38-aa13501be6ae,Maa Dhumavati Hospital,Bihar,Samastipur,848101,27.2829667,80.8318247,STATE_MISMATCH,"Declared state ""Bihar"" does not contain coordinates (27.2829667, 80.8318247). Coordinates locate in/near ""Uttar Pradesh""."
d642ce15-fc7b-42f0-989d-706f322c8cde,Sewa Poly Clinic and Hospital,Bihar,Samastipur,848101,27.2829667,80.8318247,STATE_MISMATCH,"Declared state ""Bihar"" does not contain coordinates (27.2829667, 80.8318247). Coordinates locate in/near ""Uttar Pradesh""."
f57c4b2c-d7fc-421d-b875-e0b3ea1b32dd,Nishi Nursing Home and Hospital,Bihar,Sheikhpura,811105,20.4697957,85.8883197,STATE_MISMATCH,"Declared state ""Bihar"" does not contain coordinates (20.4697957, 85.8883197). Coordinates locate in/near ""Odisha""."
250793f9-f686-4186-97a5-1333656eb953,Sri Ram Hospital and Research Centre,Bihar,Sheikhpura,811105,19.4277089,72.8133864,STATE_MISMATCH,"Declared state ""Bihar"" does not contain coordinates (19.4277089, 72.8133864). Coordinates locate in/near ""Maharashtra""."
e0544de8-b5f4-4d58-b58b-eaedb8d71150,Shreya Nursing Home,Bihar,Sheohar,843329,22.5404893,88.339408,STATE_MISMATCH,"Declared state ""Bihar"" does not contain coordinates (22.5404893, 88.339408). Coordinates locate in/near ""West Bengal""."
65a2feea-afcd-4115-8228-38f4b7b6e7aa,Rajeev Memorial Health Care Centre,Bihar,Sitamarhi,843302,27.4924134,77.673673,STATE_MISMATCH,"Declared state ""Bihar"" does not contain coordinates (27.4924134, 77.673673). Coordinates locate in/near ""Rajasthan""."
38755416-87e3-4601-a974-9346915bab81,Raiyan Nursing Home,Bihar,Siwan,841226,28.6494743,70.6619263,STATE_MISMATCH,"Declared state ""Bihar"" does not contain coordinates (28.6494743, 70.6619263). Coordinates locate in/near ""Rajasthan""."
b6d0ca96-51b0-41c0-b490-bd5f5fbbcf87,Barfi Karak Memorial Health and Welfare Foundation,Bihar,Supaul,852131,24.590694,73.696938,STATE_MISMATCH,"Declared state ""Bihar"" does not contain coordinates (24.590694, 73.696938). Coordinates locate in/near ""Gujarat""."
50046e33-25e6-4b83-acfb-62fd0d8ec7e5,Adarsh Hospital and Research Centre,Bihar,Vaishali,844101,27.687672,76.4483551,STATE_MISMATCH,"Declared state ""Bihar"" does not contain coordinates (27.687672, 76.4483551). Coordinates locate in/near ""Haryana""."
9b209fb6-743e-4525-814e-397b4d8dacbc,Agarwal Nursing Home,Bihar,Vaishali,844101,28.237987,83.9955879,STATE_MISMATCH,"Declared state ""Bihar"" does not contain coordinates (28.237987, 83.9955879). Coordinates locate in/near ""Uttar Pradesh""."
d462a6f7-922b-448a-872e-5e8992671af8,Arogya Hospital,Bihar,Vaishali,844101,27.687672,76.4483551,STATE_MISMATCH,"Declared state ""Bihar"" does not contain coordinates (27.687672, 76.4483551). Coordinates locate in/near ""Haryana""."
6f997ec1-1e46-40fe-8b73-996a4a9090f9,Bk Hospital,Bihar,Vaishali,844101,27.687672,76.4483551,STATE_MISMATCH,"Declared state ""Bihar"" does not contain coordinates (27.687672, 76.4483551). Coordinates locate in/near ""Haryana""."
61e23254-9267-428a-8824-b6af71747c7e,Chandra Nursing Home,Bihar,Vaishali,844101,27.687672,76.4483551,STATE_MISMATCH,"Declared state ""Bihar"" does not contain coordinates (27.687672, 76.4483551). Coordinates locate in/near ""Haryana""."
d63b6395-b2bf-4fd5-83cf-0d3a96f16e3d,Harsh Anand Hospital,Bihar,Vaishali,844101,27.687672,76.4483551,STATE_MISMATCH,"Declared state ""Bihar"" does not contain coordinates (27.687672, 76.4483551). Coordinates locate in/near ""Haryana""."
cc15254d-1bfd-4353-8894-299e0d259dcf,Jeewan Rekha Nursing Home and Maternity Centre,Bihar,Vaishali,844101,27.687672,76.4483551,STATE_MISMATCH,"Declared state ""Bihar"" does not contain coordinates (27.687672, 76.4483551). Coordinates locate in/near ""Haryana""."
43521481-da74-4cc9-914f-f50255710ca2,Kailash Hospital,Bihar,Vaishali,844101,27.687672,76.4483551,STATE_MISMATCH,"Declared state ""Bihar"" does not contain coordinates (27.687672, 76.4483551). Coordinates locate in/near ""Haryana""."
56d0b3b3-5cd2-4b5c-81cc-25b1fcac7b1e,Shivam Nursing Home,Bihar,Vaishali,844101,27.687672,76.4483551,STATE_MISMATCH,"Declared state ""Bihar"" does not contain coordinates (27.687672, 76.4483551). Coordinates locate in/near ""Haryana""."
3c548ffc-d67c-4bdc-aaaf-115dcd0b56e9,Vaishali Nursing Home,Bihar,Vaishali,844101,22.915403,91.1415052,STATE_MISMATCH,"Declared state ""Bihar"" does not contain coordinates (22.915403, 91.1415052). Coordinates locate in/near ""Tripura""."
fbc2ef5d-b88f-4d21-b96f-72119d236349,Veena Nursing Home,Bihar,Vaishali,844101,27.687672,76.4483551,STATE_MISMATCH,"Declared state ""Bihar"" does not contain coordinates (27.687672, 76.4483551). Coordinates locate in/near ""Haryana""."
2fdf81ed-092e-4261-abbb-501af4f369d1,Maheshwar Nursing Home,Bihar,Vaishali,844128,22.1772853,75.5829782,STATE_MISMATCH,"Declared state ""Bihar"" does not contain coordinates (22.1772853, 75.5829782). Coordinates locate in/near ""Madhya Pradesh""."
28ba2274-4058-4cab-bee6-195f6fc6d556,Poonam Surgery,Bihar,Vaishali,844128,22.9583266,91.123561,STATE_MISMATCH,"Declared state ""Bihar"" does not contain coordinates (22.9583266, 91.123561). Coordinates locate in/near ""Tripura""."
ee2722ee-884f-4ebb-8778-4c39a64d9899,Chaitanya Hospital,Chandigarh,Chandigarh,160002,18.9651504,72.8334008,STATE_MISMATCH,"Declared state ""Chandigarh"" does not contain coordinates (18.9651504, 72.8334008). Coordinates locate in/near ""Maharashtra""."
229f00ba-4f4c-4d3b-832c-623e9edc8c2a,Abhilasha Hospital,Chandigarh,Chandigarh,160015,26.266905,73.0022568,STATE_MISMATCH,"Declared state ""Chandigarh"" does not contain coordinates (26.266905, 73.0022568). Coordinates locate in/near ""Rajasthan""."
86acf190-9b2f-45b2-828c-dc14645c4454,Dharam Hospital,Chandigarh,Chandigarh,160015,19.0809074,73.000498,STATE_MISMATCH,"Declared state ""Chandigarh"" does not contain coordinates (19.0809074, 73.000498). Coordinates locate in/near ""Maharashtra""."
bdc8908b-7674-4253-ab6f-f296b0e22417,Sangam Hospital,Chandigarh,Chandigarh,160018,22.3187701,87.3091747,STATE_MISMATCH,"Declared state ""Chandigarh"" does not contain coordinates (22.3187701, 87.3091747). Coordinates locate in/near ""Jharkhand""."
acdba821-7c04-4c12-adb1-2442ab37945e,Oxford Heart and Multispeciality Hospital,Chandigarh,Chandigarh,160019,28.6448172,77.1020682,STATE_MISMATCH,"Declared state ""Chandigarh"" does not contain coordinates (28.6448172, 77.1020682). Coordinates locate in/near ""Haryana""."
06bc6ae5-de4b-4b80-990d-cc298257cbab,Sharma Eye Center,Chandigarh,Chandigarh,160022,30.3781788,76.7766974,STATE_MISMATCH,"Declared state ""Chandigarh"" does not contain coordinates (30.3781788, 76.7766974). Coordinates locate in/near ""Haryana""."
7451d838-9ef0-401d-b0ae-48d633224ef1,Bethel Hospital,Chhattisgarh,Bastar,494001,26.7893225,83.3828202,STATE_MISMATCH,"Declared state ""Chhattisgarh"" does not contain coordinates (26.7893225, 83.3828202). Coordinates locate in/near ""Bihar""."
39c3fc49-29c5-4920-a09a-51c22d9c5b0a,CHC Usoor,Chhattisgarh,Bijapur,494447,16.8301708,75.710031,STATE_MISMATCH,"Declared state ""Chhattisgarh"" does not contain coordinates (16.8301708, 75.710031). Coordinates locate in/near ""Karnataka""."
c47a40e6-5f66-4e97-b08f-c58410ab9ede,Childrens Hospital,Chhattisgarh,Bilaspur,495001,22.8023487,89.5346778,STATE_MISMATCH,"Declared state ""Chhattisgarh"" does not contain coordinates (22.8023487, 89.5346778). Coordinates locate in/near ""West Bengal""."
dc49b3d2-8a2e-462e-9c52-d2c80f4cd789,Dr. Deshkar Nursing Home,Chhattisgarh,Bilaspur,495001,19.986082,73.786874,STATE_MISMATCH,"Declared state ""Chhattisgarh"" does not contain coordinates (19.986082, 73.786874). Coordinates locate in/near ""Maharashtra""."
e780385a-a6f2-4235-9048-7c3fcec4df0f,Kaushalya Devi Surgical Memorial Maternity Nursing,Chhattisgarh,Bilaspur,495001,26.4711972,74.6393963,STATE_MISMATCH,"Declared state ""Chhattisgarh"" does not contain coordinates (26.4711972, 74.6393963). Coordinates locate in/near ""Madhya Pradesh""."
2bf1253a-056b-4253-9d64-e1afb8aa1b5e,Luthra Hospital And Research Centre,Chhattisgarh,Bilaspur,495001,19.1341265,72.9141077,STATE_MISMATCH,"Declared state ""Chhattisgarh"" does not contain coordinates (19.1341265, 72.9141077). Coordinates locate in/near ""Maharashtra""."
041fdc35-ba79-4aca-ad34-7e96b47b36a4,Samadhan Nursing Home,Chhattisgarh,Bilaspur,495001,21.9401488,75.1355659,STATE_MISMATCH,"Declared state ""Chhattisgarh"" does not contain coordinates (21.9401488, 75.1355659). Coordinates locate in/near ""Madhya Pradesh""."
fef950b2-d6e0-4253-bccb-5c5bf76719f2,Vyas Hospital,Chhattisgarh,Bilaspur,495001,23.2320991,90.663075,STATE_MISMATCH,"Declared state ""Chhattisgarh"" does not contain coordinates (23.2320991, 90.663075). Coordinates locate in/near ""OUTSIDE_KNOWN_STATE_BOUNDS""."
d0e055d6-6ebf-4906-8729-637ebc4509e6,Ashirwad Laser and Phaco Eye Hospital,Chhattisgarh,Bilaspur,495555,26.8180732,80.9496051,STATE_MISMATCH,"Declared state ""Chhattisgarh"" does not contain coordinates (26.8180732, 80.9496051). Coordinates locate in/near ""Madhya Pradesh""."
28d80195-b058-43f8-b6c8-fe08c75ff032,Bhilai Hospital,Chhattisgarh,Durg,490001,12.9729113,77.5426016,STATE_MISMATCH,"Declared state ""Chhattisgarh"" does not contain coordinates (12.9729113, 77.5426016). Coordinates locate in/near ""Andhra Pradesh""."
83eb1dbe-a68c-4a1d-9a42-85b5d1c1d50e,Chandulal Chandrakar Memorial Hospital,Chhattisgarh,Durg,490001,18.6281168,73.8071754,STATE_MISMATCH,"Declared state ""Chhattisgarh"" does not contain coordinates (18.6281168, 73.8071754). Coordinates locate in/near ""Maharashtra""."
8ae9939b-19b8-4875-90b2-9402912479d9,Maurya Nursing Home,Chhattisgarh,Durg,490023,28.0113333,73.3159985,STATE_MISMATCH,"Declared state ""Chhattisgarh"" does not contain coordinates (28.0113333, 73.3159985). Coordinates locate in/near ""Rajasthan""."
e1ed7dc1-2368-46d8-97f3-d71e31d3bb6a,Pragya Hospital,Chhattisgarh,Durg,490023,11.0179326,76.960237,STATE_MISMATCH,"Declared state ""Chhattisgarh"" does not contain coordinates (11.0179326, 76.960237). Coordinates locate in/near ""Kerala""."
811a3649-c082-46ee-b9ba-85d976c36714,"Jan Kalyan Hospital, Bhilai",Chhattisgarh,Durg,490026,19.2127076,73.1904697,STATE_MISMATCH,"Declared state ""Chhattisgarh"" does not contain coordinates (19.2127076, 73.1904697). Coordinates locate in/near ""Maharashtra""."
48c2cb58-00b1-4c6f-a0a0-2925de5bd73d,Gupta Nursing Home,Chhattisgarh,Durg,491001,27.1537848,78.3968427,STATE_MISMATCH,"Declared state ""Chhattisgarh"" does not contain coordinates (27.1537848, 78.3968427). Coordinates locate in/near ""Uttar Pradesh""."
b710c490-fe52-429e-ae91-7ccae575f038,Rajvanshi Memorial Hospital,Chhattisgarh,Durg,491001,15.3296293,74.7632544,STATE_MISMATCH,"Declared state ""Chhattisgarh"" does not contain coordinates (15.3296293, 74.7632544). Coordinates locate in/near ""Karnataka""."
7fc81260-35c7-416b-b3e9-bd11f5b35dc3,"District Hospital Jaspur Nagar ,Jaspur",Chhattisgarh,Jashpur,496331,29.2760559,78.8281049,STATE_MISMATCH,"Declared state ""Chhattisgarh"" does not contain coordinates (29.2760559, 78.8281049). Coordinates locate in/near ""Uttar Pradesh""."
5b0bcc68-c4e5-4797-8b1d-1151948b0726,Sa- Sanjivini Childrens Hospital,Chhattisgarh,Kabirdham,491995,28.68333,77.2195882,STATE_MISMATCH,"Declared state ""Chhattisgarh"" does not contain coordinates (28.68333, 77.2195882). Coordinates locate in/near ""Haryana""."
e268452b-9e7f-4ac1-b2c4-dc570fc1b3fb,Sai Krupa Hospital,Chhattisgarh,Korba,495677,16.9932354,81.7763671,STATE_MISMATCH,"Declared state ""Chhattisgarh"" does not contain coordinates (16.9932354, 81.7763671). Coordinates locate in/near ""Andhra Pradesh""."
610c20ab-1cec-41e4-ac1d-62252929bfb5,Akshay Hospital,Chhattisgarh,Korba,495678,23.2311156,77.4335921,STATE_MISMATCH,"Declared state ""Chhattisgarh"" does not contain coordinates (23.2311156, 77.4335921). Coordinates locate in/near ""Madhya Pradesh""."
d9da4112-8121-4e5f-a0ff-4f29137d9a1b,"Devika Nursing Home, Sindhi Colony, Station Road, Durg",Chhattisgarh,Korba,495683,19.9834934,73.8474084,STATE_MISMATCH,"Declared state ""Chhattisgarh"" does not contain coordinates (19.9834934, 73.8474084). Coordinates locate in/near ""Maharashtra""."
20532652-9c19-4693-bfd3-d6b84feb8868,Shristi Institute Of Medical Science And Research Center,Chhattisgarh,Korba,495683,19.9834934,73.8474084,STATE_MISMATCH,"Declared state ""Chhattisgarh"" does not contain coordinates (19.9834934, 73.8474084). Coordinates locate in/near ""Maharashtra""."
f6aa2116-3902-4fcf-8441-d1c971726035,Sainik G.R. Memorial Hospital,Chhattisgarh,Raigarh,496111,16.8316457,74.6438401,STATE_MISMATCH,"Declared state ""Chhattisgarh"" does not contain coordinates (16.8316457, 74.6438401). Coordinates locate in/near ""Karnataka""."
7c566a91-b320-48f8-ab56-e0cfb580c173,Dr. M.R. Bhagwat Memorial Hospital,Chhattisgarh,Raipur,492001,24.8956533,79.5867703,STATE_MISMATCH,"Declared state ""Chhattisgarh"" does not contain coordinates (24.8956533, 79.5867703). Coordinates locate in/near ""Madhya Pradesh""."
7e7bf26b-25e6-4df1-909c-f2786ebdd8f0,Faith And Hope Nursing Home and I.C.C.U,Chhattisgarh,Raipur,492001,8.5292238,76.937917,STATE_MISMATCH,"Declared state ""Chhattisgarh"" does not contain coordinates (8.5292238, 76.937917). Coordinates locate in/near ""Kerala""."
310ee3a1-b2e6-4ce0-9ae1-14cee418d0ef,Gayatri Hospital,Chhattisgarh,Raipur,492001,30.9946945,78.9398402,STATE_MISMATCH,"Declared state ""Chhattisgarh"" does not contain coordinates (30.9946945, 78.9398402). Coordinates locate in/near ""Himachal Pradesh""."
d2fe60ac-fc1a-4c0d-a897-384a3c5bd347,Gurukripa Prasuti and Nursing Home,Chhattisgarh,Raipur,492001,22.7570732,75.8672113,STATE_MISMATCH,"Declared state ""Chhattisgarh"" does not contain coordinates (22.7570732, 75.8672113). Coordinates locate in/near ""Madhya Pradesh""."
faf09155-2366-484b-b213-2d5978b898a0,Kalda Plastic and Cosmetic Surgery Institute and Burn Centre,Chhattisgarh,Raipur,492001,24.8956533,79.5867703,STATE_MISMATCH,"Declared state ""Chhattisgarh"" does not contain coordinates (24.8956533, 79.5867703). Coordinates locate in/near ""Madhya Pradesh""."
2758b135-51dd-41c1-bf2c-e79e48e04969,Lifeworth Super Speciality Hospital / Pjlnm Medical College,Chhattisgarh,Raipur,492001,19.6168292,74.6570733,STATE_MISMATCH,"Declared state ""Chhattisgarh"" does not contain coordinates (19.6168292, 74.6570733). Coordinates locate in/near ""Maharashtra""."
91933932-b5b7-49ca-9509-c2b2b2c0de8e,Sai Baba Nursing Home,Chhattisgarh,Raipur,492001,31.3175719,75.5929159,STATE_MISMATCH,"Declared state ""Chhattisgarh"" does not contain coordinates (31.3175719, 75.5929159). Coordinates locate in/near ""Punjab""."
390b07dd-9695-4089-b815-fbc437669244,Sanjeewan Hospital,Chhattisgarh,Raipur,492001,13.0359873,77.5780613,STATE_MISMATCH,"Declared state ""Chhattisgarh"" does not contain coordinates (13.0359873, 77.5780613). Coordinates locate in/near ""Andhra Pradesh""."
180c8865-1c68-44dc-9e42-2dcccd7d9e96,Tharani Children Hospital And Dental Clinic,Chhattisgarh,Raipur,492001,31.3175719,75.5929159,STATE_MISMATCH,"Declared state ""Chhattisgarh"" does not contain coordinates (31.3175719, 75.5929159). Coordinates locate in/near ""Punjab""."
7a2ca072-2889-40bf-84aa-abd098964fd9,Vidya Hospital And Kidney Centre,Chhattisgarh,Raipur,492007,13.277364,76.4693307,STATE_MISMATCH,"Declared state ""Chhattisgarh"" does not contain coordinates (13.277364, 76.4693307). Coordinates locate in/near ""Karnataka""."
30cc8a7c-7d26-4fb8-b8b7-1401edfd637a,Arihant Hospital,Chhattisgarh,Surguja,497001,20.4764225,85.868669,STATE_MISMATCH,"Declared state ""Chhattisgarh"" does not contain coordinates (20.4764225, 85.868669). Coordinates locate in/near ""Odisha""."
f421ac3d-b263-42e7-8c0e-cb59c5d0eb82,Kundla Memorial Hopital,Chhattisgarh,Surguja,497001,29.4317756,77.1197521,STATE_MISMATCH,"Declared state ""Chhattisgarh"" does not contain coordinates (29.4317756, 77.1197521). Coordinates locate in/near ""Haryana""."
79d83705-1d08-41e1-bcc7-1e8f725f53a1,Smt. Ramaben Maternity and General Hospital,Goa,North Goa,0,20.2762659,73.0083061,STATE_MISMATCH,"Declared state ""Goa"" does not contain coordinates (20.2762659, 73.0083061). Coordinates locate in/near ""Gujarat""."
3cfb620b-d6cb-46b3-acbf-31547e06c3aa,Kamat Nursing Home and Clinic,Goa,North Goa,403401,23.3748734,85.3182791,STATE_MISMATCH,"Declared state ""Goa"" does not contain coordinates (23.3748734, 85.3182791). Coordinates locate in/near ""Jharkhand""."
19bad12d-15bd-4326-957c-6599fcb8f63e,Ankur Nursing Home,Goa,North Goa,403507,23.0331961,72.551313,STATE_MISMATCH,"Declared state ""Goa"" does not contain coordinates (23.0331961, 72.551313). Coordinates locate in/near ""Gujarat""."
439bd0e7-cb7a-4452-8646-c3fce793735c,Dr. Gracias Nursing Home,Goa,South Goa,403601,17.3658963,78.422749,STATE_MISMATCH,"Declared state ""Goa"" does not contain coordinates (17.3658963, 78.422749). Coordinates locate in/near ""Andhra Pradesh""."
f1d19254-fe9c-4dd6-88e3-4186247dbd59,Life Care Emergency Centre,Gujarat,Ahmedabad,380001,28.6491211,70.6514213,STATE_MISMATCH,"Declared state ""Gujarat"" does not contain coordinates (28.6491211, 70.6514213). Coordinates locate in/near ""Rajasthan""."
45ce33ae-0e91-45a1-9be7-078c64cd9a2e,Gulabben Rasiklal Doshi and Smt. Kamlaben Mafatlal,Gujarat,Ahmedabad,380001,26.2435502,68.4062581,STATE_MISMATCH,"Declared state ""Gujarat"" does not contain coordinates (26.2435502, 68.4062581). Coordinates locate in/near ""OUTSIDE_KNOWN_STATE_BOUNDS""."
3f49eabb-afc1-4e08-ac86-1cd8a704c1cd,Life Care Health Maintenance Organisation,Gujarat,Ahmedabad,380001,28.6491211,70.6514213,STATE_MISMATCH,"Declared state ""Gujarat"" does not contain coordinates (28.6491211, 70.6514213). Coordinates locate in/near ""Rajasthan""."
c339025c-e305-4d4b-b0b4-3245a6a3dbe8,Vyoma General Nursing Home,Gujarat,Ahmedabad,380001,28.6491211,70.6514213,STATE_MISMATCH,"Declared state ""Gujarat"" does not contain coordinates (28.6491211, 70.6514213). Coordinates locate in/near ""Rajasthan""."
20ae1037-a5fa-447d-b3a1-6dc269145974,Divya Jyot Eye Hospital,Gujarat,Ahmedabad,380005,29.3947643,79.1264997,STATE_MISMATCH,"Declared state ""Gujarat"" does not contain coordinates (29.3947643, 79.1264997). Coordinates locate in/near ""Uttar Pradesh""."
114dca02-7637-453a-9753-014d4555df87,Desai Hospital andHeart Center,Gujarat,Ahmedabad,380006,18.5162568,73.8307428,STATE_MISMATCH,"Declared state ""Gujarat"" does not contain coordinates (18.5162568, 73.8307428). Coordinates locate in/near ""Maharashtra""."
3e8be7b5-eb29-4466-b402-c14d071ef93e,Bopal Multi Speciality Hospital,Gujarat,Ahmedabad,380013,23.2599333,77.412615,STATE_MISMATCH,"Declared state ""Gujarat"" does not contain coordinates (23.2599333, 77.412615). Coordinates locate in/near ""Madhya Pradesh""."
d55cc918-2194-4272-8644-25f8c7702c9d,Sarveshwari Charitable Trust and General Hospital,Gujarat,Ahmedabad,380026,19.2074695,72.8664007,STATE_MISMATCH,"Declared state ""Gujarat"" does not contain coordinates (19.2074695, 72.8664007). Coordinates locate in/near ""Maharashtra""."
ace982a1-0d8c-4314-9dd5-af2843fe379f,Shantiniketan Hospital Pvt Ltd,Gujarat,Ahmedabad,380052,23.6776471,87.6852323,STATE_MISMATCH,"Declared state ""Gujarat"" does not contain coordinates (23.6776471, 87.6852323). Coordinates locate in/near ""Jharkhand""."
6e889888-4aaa-4b7c-8f5d-f0861818332a,Aashna Orthopaedic Hospital,Gujarat,Ahmedabad,380058,23.2599333,77.412615,STATE_MISMATCH,"Declared state ""Gujarat"" does not contain coordinates (23.2599333, 77.412615). Coordinates locate in/near ""Madhya Pradesh""."
10a118b4-1730-4c75-af12-20a31179e219,Aashray Surgical and Trauma Care,Gujarat,Ahmedabad,380058,19.9791248,73.7483628,STATE_MISMATCH,"Declared state ""Gujarat"" does not contain coordinates (19.9791248, 73.7483628). Coordinates locate in/near ""Maharashtra""."
59d37da0-b5bc-45cd-ab37-aa55179804ee,Bopal Eye Care Centre,Gujarat,Ahmedabad,380058,23.2599333,77.412615,STATE_MISMATCH,"Declared state ""Gujarat"" does not contain coordinates (23.2599333, 77.412615). Coordinates locate in/near ""Madhya Pradesh""."
27bd0ce9-ef97-4b23-acb4-76b06048a246,Jay Prasuti Gruh and Nursing Home,Gujarat,Ahmedabad,380058,23.2210969,77.4267778,STATE_MISMATCH,"Declared state ""Gujarat"" does not contain coordinates (23.2210969, 77.4267778). Coordinates locate in/near ""Madhya Pradesh""."
ce113f4d-c06b-4f40-bef0-04c76a5fb88b,Vanza Hospital,Gujarat,Ahmedabad,380058,23.2599333,77.412615,STATE_MISMATCH,"Declared state ""Gujarat"" does not contain coordinates (23.2599333, 77.412615). Coordinates locate in/near ""Madhya Pradesh""."
7543dd60-67a1-4d24-8b54-0697e84a43d7,Kothari Maternity and Surgical Pvt .Ltd,Gujarat,Ahmedabad,382340,28.653614,77.2828538,STATE_MISMATCH,"Declared state ""Gujarat"" does not contain coordinates (28.653614, 77.2828538). Coordinates locate in/near ""Haryana""."
ada7efb4-7e19-4b88-b110-f5300d8b5262,Rukshmani Surgical Hospital,Gujarat,Ahmedabad,382345,19.2329536,72.8651258,STATE_MISMATCH,"Declared state ""Gujarat"" does not contain coordinates (19.2329536, 72.8651258). Coordinates locate in/near ""Maharashtra""."
2108dfe7-127e-465e-a3b6-fa38cf65ee89,Aashirwad Surgical Hospital and Nursing Home,Gujarat,Ahmedabad,380005,29.3947643,79.1264997,STATE_MISMATCH,"Declared state ""Gujarat"" does not contain coordinates (29.3947643, 79.1264997). Coordinates locate in/near ""Uttar Pradesh""."
f87c41de-f999-47d2-9aa9-6160a65d2186,Krishna Shalby Hospital,Gujarat,Ahmedabad,380058,23.2599333,77.412615,STATE_MISMATCH,"Declared state ""Gujarat"" does not contain coordinates (23.2599333, 77.412615). Coordinates locate in/near ""Madhya Pradesh""."
f1e35ba6-50c6-4d89-8288-b84586296df2,Poojan Children Hospital and Neonetal Centre,Gujarat,Ahmedabad,382481,18.5013128,73.9301982,STATE_MISMATCH,"Declared state ""Gujarat"" does not contain coordinates (18.5013128, 73.9301982). Coordinates locate in/near ""Maharashtra""."
08e99ba1-5df5-4d6a-80f9-295b4ee3a2bb,Bopal Multispeciality Hospital,Gujarat,Ahmedabad,380058,23.2599333,77.412615,STATE_MISMATCH,"Declared state ""Gujarat"" does not contain coordinates (23.2599333, 77.412615). Coordinates locate in/near ""Madhya Pradesh""."
581b290c-38cd-4e09-a7e0-5981fa46cb40,Dr. R. D. Ghodasara Hospital,Gujarat,Amreli,365601,28.6264203,77.2386743,STATE_MISMATCH,"Declared state ""Gujarat"" does not contain coordinates (28.6264203, 77.2386743). Coordinates locate in/near ""Haryana""."
244155f1-ac09-4d7a-85b1-1e6500732083,Om Ent Hospital,Gujarat,Amreli,365601,18.6536683,73.8101792,STATE_MISMATCH,"Declared state ""Gujarat"" does not contain coordinates (18.6536683, 73.8101792). Coordinates locate in/near ""Maharashtra""."
b97456c3-7b28-4e52-8d96-fccf3ca2d793,Anand Children Hospital,Gujarat,Bharuch,392001,19.1651872,72.8466727,STATE_MISMATCH,"Declared state ""Gujarat"" does not contain coordinates (19.1651872, 72.8466727). Coordinates locate in/near ""Maharashtra""."
da7e6170-1783-45f0-a8b8-96d3e94cfbe7,Ankur Children Hospital,Gujarat,Bharuch,392001,28.703577,77.0768908,STATE_MISMATCH,"Declared state ""Gujarat"" does not contain coordinates (28.703577, 77.0768908). Coordinates locate in/near ""Haryana""."
5a789d7f-0989-434e-895b-48636c0609fc,Dr. Trivedi Eye Hospital,Gujarat,Bharuch,392001,19.2437052,72.8515283,STATE_MISMATCH,"Declared state ""Gujarat"" does not contain coordinates (19.2437052, 72.8515283). Coordinates locate in/near ""Maharashtra""."
d9125b3d-c84e-4204-9d7d-e4000b63bec2,Holy Cross Hospital,Gujarat,Bharuch,392001,28.703577,77.0768908,STATE_MISMATCH,"Declared state ""Gujarat"" does not contain coordinates (28.703577, 77.0768908). Coordinates locate in/near ""Haryana""."
6856e2bd-9469-44d8-a7a2-6936415aaffd,Gadhiya Orthopaedic Hospital,Gujarat,Bhavnagar,364002,28.6293579,77.0998342,STATE_MISMATCH,"Declared state ""Gujarat"" does not contain coordinates (28.6293579, 77.0998342). Coordinates locate in/near ""Haryana""."
94c154ae-abd5-4477-bf97-0823dab5dffd,Gayatri Hospital,Gujarat,Gandhinagar,382006,22.7607109,75.8744981,STATE_MISMATCH,"Declared state ""Gujarat"" does not contain coordinates (22.7607109, 75.8744981). Coordinates locate in/near ""Madhya Pradesh""."
964e728b-d5e3-4d53-b228-0c9a145438bf,Hanumant Super Speciality Hospital,Gujarat,Gandhinagar,382007,19.109334,73.004973,STATE_MISMATCH,"Declared state ""Gujarat"" does not contain coordinates (19.109334, 73.004973). Coordinates locate in/near ""Maharashtra""."
f8a74f19-d837-4b96-bf5e-793f5ef2b760,Navjivan Hospital,Gujarat,Gandhinagar,382007,19.109334,73.004973,STATE_MISMATCH,"Declared state ""Gujarat"" does not contain coordinates (19.109334, 73.004973). Coordinates locate in/near ""Maharashtra""."
0c4d60cb-d4ee-401a-a0c7-01d85052d9fd,Sharada Medical Nursing Home and Eye Care Pvt. Ltd.,Gujarat,Gandhinagar,382007,19.109334,73.004973,STATE_MISMATCH,"Declared state ""Gujarat"" does not contain coordinates (19.109334, 73.004973). Coordinates locate in/near ""Maharashtra""."
68cb2dc7-ea9c-4fd7-8b9f-d84057aa83b0,Ela Maternity Hospital,Gujarat,Gandhinagar,382016,19.104738,73.006112,STATE_MISMATCH,"Declared state ""Gujarat"" does not contain coordinates (19.104738, 73.006112). Coordinates locate in/near ""Maharashtra""."
9ac6a255-25f6-4e9f-b27f-0ada06347428,Amrish Oncology Services Pvt Ltd,Gujarat,Gandhinagar,382428,12.9363964,77.5843922,STATE_MISMATCH,"Declared state ""Gujarat"" does not contain coordinates (12.9363964, 77.5843922). Coordinates locate in/near ""Andhra Pradesh""."
11c2264c-f110-4e3f-838c-d22ed40101b0,Parmar's Hospital,Gujarat,Gandhinagar,382845,29.9995069,75.3936808,STATE_MISMATCH,"Declared state ""Gujarat"" does not contain coordinates (29.9995069, 75.3936808). Coordinates locate in/near ""Haryana""."
f023504c-dc68-4922-82fd-ad4fe73392be,Dr. Indu - Madhu Medical Centre,Gujarat,Jamnagar,361001,28.7265213,77.7815602,STATE_MISMATCH,"Declared state ""Gujarat"" does not contain coordinates (28.7265213, 77.7815602). Coordinates locate in/near ""Rajasthan""."
5d48d58c-a431-48bd-ad9f-73843c9ea830,Vs Hospital - Jamnagar,Gujarat,Jamnagar,361005,30.5234408,75.8820704,STATE_MISMATCH,"Declared state ""Gujarat"" does not contain coordinates (30.5234408, 75.8820704). Coordinates locate in/near ""Haryana""."
f3e16f22-5bd9-42e0-b766-e84cca607e3e,Dr. Khokhani Eye Hospital,Gujarat,Junagadh,362001,18.4983088,73.8134181,STATE_MISMATCH,"Declared state ""Gujarat"" does not contain coordinates (18.4983088, 73.8134181). Coordinates locate in/near ""Maharashtra""."
66154b56-c5fc-4f18-93d2-822637dd9820,Dr. Maniars Ent Hospital,Gujarat,Junagadh,362001,13.0919443,80.2906867,STATE_MISMATCH,"Declared state ""Gujarat"" does not contain coordinates (13.0919443, 80.2906867). Coordinates locate in/near ""Andhra Pradesh""."
f8d49aab-729f-4b3d-9b41-b23286b8efc8,Spandan Children Hospital,Gujarat,Junagadh,362001,18.4655611,73.8598476,STATE_MISMATCH,"Declared state ""Gujarat"" does not contain coordinates (18.4655611, 73.8598476). Coordinates locate in/near ""Maharashtra""."
40394a7f-74dc-479c-a6f8-5498948fc902,Urvashi Surgical Hospital,Gujarat,Junagadh,362266,11.4284649,78.1345598,STATE_MISMATCH,"Declared state ""Gujarat"" does not contain coordinates (11.4284649, 78.1345598). Coordinates locate in/near ""Tamil Nadu""."
be641219-d7fc-4482-a930-11dcf29c808a,Kutch Ortho Surge Hospital,Gujarat,Kachchh,370001,12.9969395,77.5404847,STATE_MISMATCH,"Declared state ""Gujarat"" does not contain coordinates (12.9969395, 77.5404847). Coordinates locate in/near ""Andhra Pradesh""."
80f48b47-f0ee-4d88-b396-54b94159c363,Trivedi Hospital,Gujarat,Kachchh,370465,29.5598082,73.9658933,STATE_MISMATCH,"Declared state ""Gujarat"" does not contain coordinates (29.5598082, 73.9658933). Coordinates locate in/near ""Punjab""."
5f921b52-72f9-4ac8-b6bc-0a0c8764fba7,Balaji Gastroenterlogy Hospital,Gujarat,Mahesana,384002,12.9360912,77.6137888,STATE_MISMATCH,"Declared state ""Gujarat"" does not contain coordinates (12.9360912, 77.6137888). Coordinates locate in/near ""Andhra Pradesh""."
62e85cc1-67e0-4a8f-833e-f9f56ca8e2c7,G K Orthopaedic Hospital,Gujarat,Mahesana,384002,18.5643075,73.8836207,STATE_MISMATCH,"Declared state ""Gujarat"" does not contain coordinates (18.5643075, 73.8836207). Coordinates locate in/near ""Maharashtra""."
70198a07-f93e-46c7-8f8d-7a5a199d763e,Krishna Eye Hospital,Gujarat,Mahesana,384002,28.7222501,77.1753112,STATE_MISMATCH,"Declared state ""Gujarat"" does not contain coordinates (28.7222501, 77.1753112). Coordinates locate in/near ""Haryana""."
c6cf7219-0754-421a-b3b6-06bc619242a0,Vardan Hospital,Gujarat,Mahesana,384170,22.7132859,75.8651124,STATE_MISMATCH,"Declared state ""Gujarat"" does not contain coordinates (22.7132859, 75.8651124). Coordinates locate in/near ""Madhya Pradesh""."
03277790-8db6-4eb7-8854-88d5a39fb07f,Dr. Rana Nursing Home,Gujarat,Navsari,396445,10.4570945,77.5214325,STATE_MISMATCH,"Declared state ""Gujarat"" does not contain coordinates (10.4570945, 77.5214325). Coordinates locate in/near ""Tamil Nadu""."
d42c2f85-17a9-4dee-81b4-a482ea7ace76,Narayan Medical Nursing Home,Gujarat,Navsari,396445,16.8551,74.572,STATE_MISMATCH,"Declared state ""Gujarat"" does not contain coordinates (16.8551, 74.572). Coordinates locate in/near ""Karnataka""."
1825c009-0a50-43da-be76-d0be5dd48672,Dev Orthopaedic Hospital,Gujarat,Patan,384265,19.8875183,75.3156324,STATE_MISMATCH,"Declared state ""Gujarat"" does not contain coordinates (19.8875183, 75.3156324). Coordinates locate in/near ""Maharashtra""."
7d1a61d9-64ce-4d5b-8267-83aa91c90dff,Hiraba Medical and Heart Hospital,Gujarat,Patan,384265,17.0520103,79.2849121,STATE_MISMATCH,"Declared state ""Gujarat"" does not contain coordinates (17.0520103, 79.2849121). Coordinates locate in/near ""Andhra Pradesh""."
0243ba90-f3db-405d-ab5a-cc18490684e9,Civil Hospital(Bhavsinhji Hospital),Gujarat,Porbandar,360575,22.7111427,75.882231,STATE_MISMATCH,"Declared state ""Gujarat"" does not contain coordinates (22.7111427, 75.882231). Coordinates locate in/near ""Madhya Pradesh""."
728d2bc9-0b93-4149-a0d5-67f623eeeccc,Avishkar Healthcare Pvt Ltd,Gujarat,Sabar kantha,383001,25.9067837,93.7316482,STATE_MISMATCH,"Declared state ""Gujarat"" does not contain coordinates (25.9067837, 93.7316482). Coordinates locate in/near ""Assam""."
fe0a1e33-8af8-404c-b822-3450955b1d02,Vardaan Women Hospital,Gujarat,Sabar kantha,383001,19.5674683,74.6483767,STATE_MISMATCH,"Declared state ""Gujarat"" does not contain coordinates (19.5674683, 74.6483767). Coordinates locate in/near ""Maharashtra""."
df580eba-ef87-4404-a630-985a3d0bdfa6,Modasa Surgical Hospital,Gujarat,Sabar kantha,383315,20.0238247,75.1618345,STATE_MISMATCH,"Declared state ""Gujarat"" does not contain coordinates (20.0238247, 75.1618345). Coordinates locate in/near ""Maharashtra""."
cdea81ab-abb8-49b8-90e3-7f6fdfdf7436,Nilangekar Hospital,Gujarat,Surat,395003,18.4087934,76.5603828,STATE_MISMATCH,"Declared state ""Gujarat"" does not contain coordinates (18.4087934, 76.5603828). Coordinates locate in/near ""Karnataka""."
78cf609d-74b2-4eca-9838-239af2123587,Rishabh Surgical Hospital,Gujarat,Surat,395003,28.703577,77.0768908,STATE_MISMATCH,"Declared state ""Gujarat"" does not contain coordinates (28.703577, 77.0768908). Coordinates locate in/near ""Haryana""."
81ce07fe-b085-4f43-8eea-d90a68886814,Shreyans Ano-Rectal and Day-Care Hospital,Gujarat,Surat,395003,19.1821571,72.9711731,STATE_MISMATCH,"Declared state ""Gujarat"" does not contain coordinates (19.1821571, 72.9711731). Coordinates locate in/near ""Maharashtra""."
5536862a-4bd7-41e6-8c93-d25a0e248868,Varachha General Hospital,Gujarat,Surat,395006,19.229882,72.8546175,STATE_MISMATCH,"Declared state ""Gujarat"" does not contain coordinates (19.229882, 72.8546175). Coordinates locate in/near ""Maharashtra""."
0219989f-7624-4bd6-86ee-1e984d5e34a9,Gupta Medical Hospital and Icu,Gujarat,Surat,395010,19.9713889,73.748883,STATE_MISMATCH,"Declared state ""Gujarat"" does not contain coordinates (19.9713889, 73.748883). Coordinates locate in/near ""Maharashtra""."
450cac82-a2b3-49dc-9b12-5a0eecf99391,Eye Hospital,Gujarat,Surendranagar,363001,28.66065,77.1478159,STATE_MISMATCH,"Declared state ""Gujarat"" does not contain coordinates (28.66065, 77.1478159). Coordinates locate in/near ""Haryana""."
a2e635cd-5241-4870-8bd2-279a2af113f2,Verma Eye Hospital,Gujarat,Surendranagar,363001,32.490749,74.5445889,STATE_MISMATCH,"Declared state ""Gujarat"" does not contain coordinates (32.490749, 74.5445889). Coordinates locate in/near ""Punjab""."
2157197a-efd3-4691-80d5-d6409d836d90,Saakshi Children Hyospital,Gujarat,Vadodara,390001,22.8895539,88.3780789,STATE_MISMATCH,"Declared state ""Gujarat"" does not contain coordinates (22.8895539, 88.3780789). Coordinates locate in/near ""West Bengal""."
ba9cb6eb-27db-42bc-97e5-f535b4a6597c,Aadhar Hospital,Gujarat,Vadodara,390007,23.2135895,77.453704,STATE_MISMATCH,"Declared state ""Gujarat"" does not contain coordinates (23.2135895, 77.453704). Coordinates locate in/near ""Madhya Pradesh""."
c7a2a6cd-74ca-45a9-b4c0-96960f1ef334,Sterling Addlife India Limited,Gujarat,Vadodara,390007,33.609513,73.0288121,STATE_MISMATCH,"Declared state ""Gujarat"" does not contain coordinates (33.609513, 73.0288121). Coordinates locate in/near ""OUTSIDE_KNOWN_STATE_BOUNDS""."
f9619d88-f57f-476c-8901-b98d2be7ff74,Dr. Mukund G.Shah,Gujarat,Vadodara,390009,12.9597251,77.5747125,STATE_MISMATCH,"Declared state ""Gujarat"" does not contain coordinates (12.9597251, 77.5747125). Coordinates locate in/near ""Andhra Pradesh""."
1156342a-26a8-4967-825b-c8481692eb21,Om Multi Speciality Hospital,Gujarat,Vadodara,390021,29.917512,77.4142541,STATE_MISMATCH,"Declared state ""Gujarat"" does not contain coordinates (29.917512, 77.4142541). Coordinates locate in/near ""Haryana""."
7806b2bd-8388-4a37-8d38-37080dc0bf9d,Shiv Clinic,Gujarat,Vadodara,390022,22.6230049,88.4332295,STATE_MISMATCH,"Declared state ""Gujarat"" does not contain coordinates (22.6230049, 88.4332295). Coordinates locate in/near ""West Bengal""."
9d1a088a-8483-486b-9e93-30bbca22d7a1,Sanjivani Hospital,Gujarat,Valsad,396001,32.9311332,73.7236208,STATE_MISMATCH,"Declared state ""Gujarat"" does not contain coordinates (32.9311332, 73.7236208). Coordinates locate in/near ""Jammu and Kashmir""."
609d64e5-1a3f-4dc5-8aba-6546f12f2282,C . Lall Hospital / C.Lal Hospital,Haryana,Ambala,133001,28.4102309,70.3096613,STATE_MISMATCH,"Declared state ""Haryana"" does not contain coordinates (28.4102309, 70.3096613). Coordinates locate in/near ""Rajasthan""."
889ad8a3-53bc-4f5e-80d4-2b7b687ee94e,Shri Tilak Raj Chhabra Memorial Hospital,Haryana,Ambala,134003,21.7234933,82.5908195,STATE_MISMATCH,"Declared state ""Haryana"" does not contain coordinates (21.7234933, 82.5908195). Coordinates locate in/near ""Chhattisgarh""."
eebc092d-eeb5-497a-8faf-e88e63ddcb99,Chaudhry Heart and Maternity Center,Haryana,Bhiwani,127021,31.1060016,77.1761511,STATE_MISMATCH,"Declared state ""Haryana"" does not contain coordinates (31.1060016, 77.1761511). Coordinates locate in/near ""Himachal Pradesh""."
125b39cd-2c7f-43b3-a115-358cd8524e96,Sharma Hospital,Haryana,Bhiwani,127021,24.0398249,84.0614373,STATE_MISMATCH,"Declared state ""Haryana"" does not contain coordinates (24.0398249, 84.0614373). Coordinates locate in/near ""Chhattisgarh""."
df717b07-a37a-4dbe-9864-fc9e72dbabde,MK Hospital,Haryana,Bhiwani,127021,19.2687576,73.0458775,STATE_MISMATCH,"Declared state ""Haryana"" does not contain coordinates (19.2687576, 73.0458775). Coordinates locate in/near ""Maharashtra""."
0254f32c-957c-4a73-a552-a412b34edf5a,Aruna Ear Nose Throat Head and Neck Hospital,Haryana,Faridabad,121001,22.5660079,88.3525229,STATE_MISMATCH,"Declared state ""Haryana"" does not contain coordinates (22.5660079, 88.3525229). Coordinates locate in/near ""West Bengal""."
05d9760a-0a83-452e-b7ab-99fa5360c64c,Bhatia Hospital,Haryana,Faridabad,121001,25.8785781,86.4553426,STATE_MISMATCH,"Declared state ""Haryana"" does not contain coordinates (25.8785781, 86.4553426). Coordinates locate in/near ""Bihar""."
94850151-0e99-4e39-b2fc-1e7681990338,City Nursing Home - Faridabad,Haryana,Faridabad,121001,26.844856,75.80702,STATE_MISMATCH,"Declared state ""Haryana"" does not contain coordinates (26.844856, 75.80702). Coordinates locate in/near ""Madhya Pradesh""."
91996070-ae30-4146-bb55-f8436d7eb18c,Manchanda Ortho and Physio-Care Centre,Haryana,Faridabad,121001,19.2007429,72.9608828,STATE_MISMATCH,"Declared state ""Haryana"" does not contain coordinates (19.2007429, 72.9608828). Coordinates locate in/near ""Maharashtra""."
ce3718b0-2a29-4fc2-a4b4-ab8850a6bb51,Meera Devi Nursing Home,Haryana,Faridabad,121001,31.2166598,75.7772058,STATE_MISMATCH,"Declared state ""Haryana"" does not contain coordinates (31.2166598, 75.7772058). Coordinates locate in/near ""Himachal Pradesh""."
540181de-b5b5-463e-b233-e5fec9dbda8a,Sunder Medical Centre,Haryana,Faridabad,121001,28.7648436,70.8155155,STATE_MISMATCH,"Declared state ""Haryana"" does not contain coordinates (28.7648436, 70.8155155). Coordinates locate in/near ""Rajasthan""."
f2699d81-28ca-4a1e-a731-2f9600723002,Veero Devi Memorial Orthopaedic And Trauma Centre,Haryana,Faridabad,121001,25.5228798,69.0044664,STATE_MISMATCH,"Declared state ""Haryana"" does not contain coordinates (25.5228798, 69.0044664). Coordinates locate in/near ""OUTSIDE_KNOWN_STATE_BOUNDS""."
9beac2d1-9955-4ca3-b654-9e4e642566e5,Chandrawati Child and Maternity Hospital,Haryana,Faridabad,121002,19.0760171,73.0095336,STATE_MISMATCH,"Declared state ""Haryana"" does not contain coordinates (19.0760171, 73.0095336). Coordinates locate in/near ""Maharashtra""."
fe5c588e-0989-45ae-b41c-05a3cd13411b,Prime Hospital and Nursing Home,Haryana,Faridabad,121002,19.104807,72.91216,STATE_MISMATCH,"Declared state ""Haryana"" does not contain coordinates (19.104807, 72.91216). Coordinates locate in/near ""Maharashtra""."
33f37ff7-6521-4fd7-a728-3e05eea72a6a,Goyal`S Nursing Home,Haryana,Faridabad,121003,19.101707,73.001176,STATE_MISMATCH,"Declared state ""Haryana"" does not contain coordinates (19.101707, 73.001176). Coordinates locate in/near ""Maharashtra""."
1e3852fe-b6cd-4d42-9668-609053072d4b,Navchetna Hospital,Haryana,Faridabad,121005,13.0367994,80.2025247,STATE_MISMATCH,"Declared state ""Haryana"" does not contain coordinates (13.0367994, 80.2025247). Coordinates locate in/near ""Andhra Pradesh""."
279e1590-c08b-4e57-ac83-2a4ddda03197,Eye Q Super Speciality Eye Hospitals,Haryana,Fatehabad,125050,32.1733916,74.1835533,STATE_MISMATCH,"Declared state ""Haryana"" does not contain coordinates (32.1733916, 74.1835533). Coordinates locate in/near ""Punjab""."
6b3f3704-24ad-43f1-a66c-a280e485a10e,Jaipur Children Hospital - Rsby,Haryana,Fatehabad,125050,32.1733916,74.1835533,STATE_MISMATCH,"Declared state ""Haryana"" does not contain coordinates (32.1733916, 74.1835533). Coordinates locate in/near ""Punjab""."
44fa84a4-bf7c-46e7-b585-06a3d8b2c6ef,Poonam Eye Hospital - Rsby,Haryana,Fatehabad,125050,32.1733916,74.1835533,STATE_MISMATCH,"Declared state ""Haryana"" does not contain coordinates (32.1733916, 74.1835533). Coordinates locate in/near ""Punjab""."
28964a4c-7992-461b-83f2-cc5b0648519c,Chirag Hospital Pvt. Ltd,Haryana,Gurgaon,122001,14.4224398,77.7145229,STATE_MISMATCH,"Declared state ""Haryana"" does not contain coordinates (14.4224398, 77.7145229). Coordinates locate in/near ""Andhra Pradesh""."
dc79ee1b-0445-41ad-bef6-5dded5d7e852,Florence Nursing Home,Haryana,Gurgaon,122001,33.6716554,73.074954,STATE_MISMATCH,"Declared state ""Haryana"" does not contain coordinates (33.6716554, 73.074954). Coordinates locate in/near ""OUTSIDE_KNOWN_STATE_BOUNDS""."
7dad9f99-f9a3-482e-bbbb-4613e94ca6fe,Geeta Nursing Home / Geeta Surgical and Ultrasound Centre,Haryana,Gurgaon,122001,13.0536607,80.1983149,STATE_MISMATCH,"Declared state ""Haryana"" does not contain coordinates (13.0536607, 80.1983149). Coordinates locate in/near ""Andhra Pradesh""."
b371c645-1dce-4d07-87db-d655f6923f7f,Goel Nursing Home,Haryana,Gurgaon,122001,32.1778915,74.4842273,STATE_MISMATCH,"Declared state ""Haryana"" does not contain coordinates (32.1778915, 74.4842273). Coordinates locate in/near ""Punjab""."
d5eb9300-9743-4ab3-80fa-85f49f635b87,R K Hospital,Haryana,Gurgaon,122001,19.218196,73.0880882,STATE_MISMATCH,"Declared state ""Haryana"" does not contain coordinates (19.218196, 73.0880882). Coordinates locate in/near ""Maharashtra""."
ebf5237a-c796-4625-9b94-15897b3d78e8,Sparsh Hospital,Haryana,Gurgaon,122001,19.2306852,72.8407885,STATE_MISMATCH,"Declared state ""Haryana"" does not contain coordinates (19.2306852, 72.8407885). Coordinates locate in/near ""Maharashtra""."
3ad31c1c-f983-432a-8250-c0f11aa4ce21,Sukhmani Hospital Pvt. Ltd,Haryana,Gurgaon,122001,26.8030815,80.8908544,STATE_MISMATCH,"Declared state ""Haryana"" does not contain coordinates (26.8030815, 80.8908544). Coordinates locate in/near ""Madhya Pradesh""."
0a87adb9-3e69-4236-b5d5-09fb21f9d2dc,New Wadhwa Nursing Home,Haryana,Mewat,122107,27.5529907,76.6345735,STATE_MISMATCH,"Declared state ""Haryana"" does not contain coordinates (27.5529907, 76.6345735). Coordinates locate in/near ""Rajasthan""."
e0952b10-4d8e-4dcc-8c2e-5d64f41e1b06,Kailash Hospital,Haryana,Gurgaon,122506,17.3981315,78.5124411,STATE_MISMATCH,"Declared state ""Haryana"" does not contain coordinates (17.3981315, 78.5124411). Coordinates locate in/near ""Andhra Pradesh""."
4bb20149-1353-4aef-b2e6-639707e28b5b,Chhabra Hospital,Haryana,Hisar,125001,25.2430986,86.9789102,STATE_MISMATCH,"Declared state ""Haryana"" does not contain coordinates (25.2430986, 86.9789102). Coordinates locate in/near ""Bihar""."
f4ca43c7-096d-4a0a-a667-783ac1b14d7b,Civil Hospital,Haryana,Hisar,125001,30.1950435,71.4792529,STATE_MISMATCH,"Declared state ""Haryana"" does not contain coordinates (30.1950435, 71.4792529). Coordinates locate in/near ""Rajasthan""."
3fb19be2-be56-4d8c-836b-612adb2e3ccf,General Hospital,Haryana,Hisar,125001,30.1950435,71.4792529,STATE_MISMATCH,"Declared state ""Haryana"" does not contain coordinates (30.1950435, 71.4792529). Coordinates locate in/near ""Rajasthan""."
1b6b345e-5f00-4357-9953-089ef6ac55b0,Lamba Nursing Home Pvt. Ltd.,Haryana,Hisar,125001,8.4949884,76.9324309,STATE_MISMATCH,"Declared state ""Haryana"" does not contain coordinates (8.4949884, 76.9324309). Coordinates locate in/near ""Kerala""."
dc1ae2ac-b8d7-4d09-ad96-639cf61e1ca2,Ravi Janana Hospital,Haryana,Hisar,125001,27.8854345,78.071351,STATE_MISMATCH,"Declared state ""Haryana"" does not contain coordinates (27.8854345, 78.071351). Coordinates locate in/near ""Rajasthan""."
198803b4-09e1-411d-85a8-94471806fe23,Singla Dental And Facial Trauma Centre,Haryana,Hisar,125001,31.485722,74.3264869,STATE_MISMATCH,"Declared state ""Haryana"" does not contain coordinates (31.485722, 74.3264869). Coordinates locate in/near ""Punjab""."
335d0b04-a634-4226-bc86-8e353beeb3c9,Krishan Surgical and General Hospital,Haryana,Hisar,125052,31.4329486,75.713901,STATE_MISMATCH,"Declared state ""Haryana"" does not contain coordinates (31.4329486, 75.713901). Coordinates locate in/near ""Himachal Pradesh""."
7992ea63-38ea-46e2-9343-c39ad6764708,Disha Mission Hospital,Haryana,Jind,126102,33.5190404,73.9023417,STATE_MISMATCH,"Declared state ""Haryana"" does not contain coordinates (33.5190404, 73.9023417). Coordinates locate in/near ""Jammu and Kashmir""."
dfd54b5d-d48e-49d2-a2f3-c160957118f9,Nath Nursing Home,Haryana,Jind,126102,20.012327,73.785743,STATE_MISMATCH,"Declared state ""Haryana"" does not contain coordinates (20.012327, 73.785743). Coordinates locate in/near ""Maharashtra""."
57efd165-3f5d-4c7c-801c-bd5ebaa9548d,Dr. Meenakshi Jain Hospital,Haryana,Jind,126102,12.9831164,80.2207518,STATE_MISMATCH,"Declared state ""Haryana"" does not contain coordinates (12.9831164, 80.2207518). Coordinates locate in/near ""Andhra Pradesh""."
10ab4953-761e-43c1-90af-d1f3dac50711,Ajmani General and Maternity Hospital,Haryana,Karnal,132001,20.9502428,72.9186492,STATE_MISMATCH,"Declared state ""Haryana"" does not contain coordinates (20.9502428, 72.9186492). Coordinates locate in/near ""Gujarat""."
2bfc2fe5-1f07-4fca-8400-265a6543c04b,Krishna Hospital (Karnal),Haryana,Karnal,132001,20.9502428,72.9186492,STATE_MISMATCH,"Declared state ""Haryana"" does not contain coordinates (20.9502428, 72.9186492). Coordinates locate in/near ""Gujarat""."
a7dbb1af-5fa6-4bcd-94e6-e77c566486a9,Luthra Clinic,Haryana,Karnal,132001,29.9205412,73.8841725,STATE_MISMATCH,"Declared state ""Haryana"" does not contain coordinates (29.9205412, 73.8841725). Coordinates locate in/near ""Punjab""."
7d1706c5-7137-4357-93ab-857e1c164012,Om Prakash Goel Medicare,Haryana,Karnal,132001,32.2732942,75.6508282,STATE_MISMATCH,"Declared state ""Haryana"" does not contain coordinates (32.2732942, 75.6508282). Coordinates locate in/near ""Himachal Pradesh""."
8b43641d-d59a-4de1-9f73-216a54a41190,Sugam Priya Hospital,Haryana,Karnal,132001,10.927477,79.8382923,STATE_MISMATCH,"Declared state ""Haryana"" does not contain coordinates (10.927477, 79.8382923). Coordinates locate in/near ""Tamil Nadu""."
cacac08a-b9c5-4a88-bed0-8b1a4247866b,Community Health Centre,Haryana,Kurukshetra,136118,27.6441382,79.9447096,STATE_MISMATCH,"Declared state ""Haryana"" does not contain coordinates (27.6441382, 79.9447096). Coordinates locate in/near ""Uttar Pradesh""."
1315d87a-c962-41e0-9c5d-11e84df4bb0b,Gaur Nursing Home,Haryana,Kurukshetra,136118,22.6891947,75.8330591,STATE_MISMATCH,"Declared state ""Haryana"" does not contain coordinates (22.6891947, 75.8330591). Coordinates locate in/near ""Madhya Pradesh""."
fcc72f51-f29e-43f9-80f9-725d213900df,Mehta Surgical and Maternity Hospital,Haryana,Kurukshetra,136118,13.7436096,76.9021004,STATE_MISMATCH,"Declared state ""Haryana"" does not contain coordinates (13.7436096, 76.9021004). Coordinates locate in/near ""Andhra Pradesh""."
68699cfc-98c7-48ec-bffc-a78ca31d0d45,Dr Fateh Singh Hospital,Haryana,Mahendragarh,123001,26.8676942,81.0144196,STATE_MISMATCH,"Declared state ""Haryana"" does not contain coordinates (26.8676942, 81.0144196). Coordinates locate in/near ""Madhya Pradesh""."
f9cd423d-900a-487f-bdd3-366cc64946f7,J N Shori Multi Speciality Hospital,Haryana,Panchkula,134102,31.0381011,76.7118672,STATE_MISMATCH,"Declared state ""Haryana"" does not contain coordinates (31.0381011, 76.7118672). Coordinates locate in/near ""Himachal Pradesh""."
64dd0817-3d23-4800-bade-6f69dd49903a,Gupta Nursing Home,Haryana,Panchkula,134109,26.88728,80.9940139,STATE_MISMATCH,"Declared state ""Haryana"" does not contain coordinates (26.88728, 80.9940139). Coordinates locate in/near ""Madhya Pradesh""."
3b5129d4-c29b-4dd9-94a7-e9c5f6263a16,Shri Ram Hospital,Haryana,Panchkula,134112,23.216719,72.6421769,STATE_MISMATCH,"Declared state ""Haryana"" does not contain coordinates (23.216719, 72.6421769). Coordinates locate in/near ""Gujarat""."
ef5f75e7-8061-4b7e-8234-4a7f13e99e90,Anand Hospital Navdeep Eye Center / Anand Nursing Home,Haryana,Panipat,132103,17.4068477,78.4623915,STATE_MISMATCH,"Declared state ""Haryana"" does not contain coordinates (17.4068477, 78.4623915). Coordinates locate in/near ""Andhra Pradesh""."
dd28fe3e-703d-40ae-9184-58190720d800,Rainbow Children Hospital,Haryana,Panipat,132103,30.9504406,74.6151551,STATE_MISMATCH,"Declared state ""Haryana"" does not contain coordinates (30.9504406, 74.6151551). Coordinates locate in/near ""Punjab""."
df555071-20d2-49a4-a7db-2f2fd96effac,Bansal Hospital Heart Care Center,Haryana,Rewari,123401,31.1027186,77.1602007,STATE_MISMATCH,"Declared state ""Haryana"" does not contain coordinates (31.1027186, 77.1602007). Coordinates locate in/near ""Himachal Pradesh""."
ba2a1af0-51ae-44ec-bed2-777b08f5ec44,Dr. Kaushal Surgical Hospital and Maternity Home,Haryana,Rewari,123401,31.6386589,74.8659017,STATE_MISMATCH,"Declared state ""Haryana"" does not contain coordinates (31.6386589, 74.8659017). Coordinates locate in/near ""Punjab""."
0ad94294-00e9-4777-977d-16511ffb7d7f,Dr. Ramjass Hospital,Haryana,Rewari,123401,30.1397227,74.1950513,STATE_MISMATCH,"Declared state ""Haryana"" does not contain coordinates (30.1397227, 74.1950513). Coordinates locate in/near ""Punjab""."
cccf655e-64ef-4913-a9e4-b8679433dfa6,Om Heart Care and Medical Centre,Haryana,Rewari,123401,31.6386589,74.8659017,STATE_MISMATCH,"Declared state ""Haryana"" does not contain coordinates (31.6386589, 74.8659017). Coordinates locate in/near ""Punjab""."
8e6c31c8-c5cc-41d2-b2b1-7eb896861ada,Arora Nursing Home,Haryana,Rewari,123401,31.3084431,75.5658979,STATE_MISMATCH,"Declared state ""Haryana"" does not contain coordinates (31.3084431, 75.5658979). Coordinates locate in/near ""Punjab""."
dda3138a-4840-485e-8f43-04a509ec7c72,Arora Nursing Home\n,Haryana,Rewari,123401,31.3084431,75.5658979,STATE_MISMATCH,"Declared state ""Haryana"" does not contain coordinates (31.3084431, 75.5658979). Coordinates locate in/near ""Punjab""."
0d3c747a-98bb-4748-8d19-de196d269f5f,City Heart Clinic And Nursing Home,Haryana,Rohtak,124001,25.8586646,85.7848271,STATE_MISMATCH,"Declared state ""Haryana"" does not contain coordinates (25.8586646, 85.7848271). Coordinates locate in/near ""Bihar""."
eb336a40-5cb6-4285-8443-ddd358fc6bbe,Citycare Hospital,Haryana,Rohtak,124001,26.8710107,75.7815245,STATE_MISMATCH,"Declared state ""Haryana"" does not contain coordinates (26.8710107, 75.7815245). Coordinates locate in/near ""Madhya Pradesh""."
d92fc172-926e-4686-87c4-9fdc2639224a,Gupta Ortho Centre,Haryana,Rohtak,124001,17.401456,78.469886,STATE_MISMATCH,"Declared state ""Haryana"" does not contain coordinates (17.401456, 78.469886). Coordinates locate in/near ""Andhra Pradesh""."
bde19f6b-ed6a-4a12-a3eb-b485b74db1da,Jeewan Hospital and Nursing Home,Haryana,Rohtak,124001,25.9266775,68.6430287,STATE_MISMATCH,"Declared state ""Haryana"" does not contain coordinates (25.9266775, 68.6430287). Coordinates locate in/near ""OUTSIDE_KNOWN_STATE_BOUNDS""."
52c0d5d0-0753-4ba2-8f26-205f50a47569,Malik Hospital,Haryana,Rohtak,124001,25.8525255,84.0943796,STATE_MISMATCH,"Declared state ""Haryana"" does not contain coordinates (25.8525255, 84.0943796). Coordinates locate in/near ""Bihar""."
0acb18d5-4fe1-4f26-af9a-0d45b872958d,Shree Sai Saans Critical Care Centre,Haryana,Rohtak,124001,17.3575226,78.5429113,STATE_MISMATCH,"Declared state ""Haryana"" does not contain coordinates (17.3575226, 78.5429113). Coordinates locate in/near ""Andhra Pradesh""."
ad74b7f1-e973-4dc7-8879-05c003546390,Advanced Lasik Laswe Centre,Haryana,Sirsa,125077,32.9923608,74.9257719,STATE_MISMATCH,"Declared state ""Haryana"" does not contain coordinates (32.9923608, 74.9257719). Coordinates locate in/near ""Jammu and Kashmir""."
39f3cec2-1172-46af-a0c1-2690be195acc,Neeraj Hospital,Haryana,Sirsa,125055,29.4671562,77.7039176,STATE_MISMATCH,"Declared state ""Haryana"" does not contain coordinates (29.4671562, 77.7039176). Coordinates locate in/near ""Rajasthan""."
0a9105bf-7163-4eb4-9e1f-4abd533df626,Dr. Praveen Eye Hospital and Research Centre,Haryana,Sirsa,125005,9.9818176,76.2983614,STATE_MISMATCH,"Declared state ""Haryana"" does not contain coordinates (9.9818176, 76.2983614). Coordinates locate in/near ""Kerala""."
06957a55-6e41-44aa-aad0-10b18fd2fa72,Arpit Hospital,Haryana,Sonipat,131001,22.3071588,73.1812187,STATE_MISMATCH,"Declared state ""Haryana"" does not contain coordinates (22.3071588, 73.1812187). Coordinates locate in/near ""Gujarat""."
a4ed2d78-2488-40e8-8750-3a6ee4d918b1,Batra Nursing Home and Heart Care Centre,Haryana,Sonipat,131001,31.1027186,77.1602007,STATE_MISMATCH,"Declared state ""Haryana"" does not contain coordinates (31.1027186, 77.1602007). Coordinates locate in/near ""Himachal Pradesh""."
81be5acf-e7ca-4496-a005-24576644b500,Dn Sharma Hospital Pvt Ltd,Haryana,Sonipat,131001,31.3386207,75.5764747,STATE_MISMATCH,"Declared state ""Haryana"" does not contain coordinates (31.3386207, 75.5764747). Coordinates locate in/near ""Punjab""."
838aaa4c-a78a-4f7a-bbf2-65ef57d1a524,Satya-Om Eye and Maternity Hosptal,Haryana,Sonipat,131001,33.6498587,73.0336025,STATE_MISMATCH,"Declared state ""Haryana"" does not contain coordinates (33.6498587, 73.0336025). Coordinates locate in/near ""OUTSIDE_KNOWN_STATE_BOUNDS""."
02d124eb-9409-4d60-86ae-01dc1199f4fe,Gautam Hospital,Haryana,Yamunanagar,135002,32.4424479,74.1216683,STATE_MISMATCH,"Declared state ""Haryana"" does not contain coordinates (32.4424479, 74.1216683). Coordinates locate in/near ""Punjab""."
faeca0eb-9f17-45be-a601-666c172df76c,Vyas Hospital,Himachal Pradesh,Bilaspur,174001,22.0796251,82.1391412,STATE_MISMATCH,"Declared state ""Himachal Pradesh"" does not contain coordinates (22.0796251, 82.1391412). Coordinates locate in/near ""Chhattisgarh""."
7dc0fcd7-6410-4bec-801e-225a248dd75e,"Ayurvedic Hospital, Kandraur",Himachal Pradesh,Bilaspur,174004,22.0796251,82.1391412,STATE_MISMATCH,"Declared state ""Himachal Pradesh"" does not contain coordinates (22.0796251, 82.1391412). Coordinates locate in/near ""Chhattisgarh""."
145b3674-8e3c-461a-85e4-5adfb7e984ea,Fortis Rainbow Hospital,Himachal Pradesh,Bilaspur,174021,22.0796251,82.1391412,STATE_MISMATCH,"Declared state ""Himachal Pradesh"" does not contain coordinates (22.0796251, 82.1391412). Coordinates locate in/near ""Chhattisgarh""."
5649c2ff-4430-4aac-b8cf-67794130e08c,Ayurvedic Hospital,Himachal Pradesh,Bilaspur,174004,22.0796251,82.1391412,STATE_MISMATCH,"Declared state ""Himachal Pradesh"" does not contain coordinates (22.0796251, 82.1391412). Coordinates locate in/near ""Chhattisgarh""."
312ffa3b-e59c-419f-8d13-d18fff38c122,Community Health Centre,Himachal Pradesh,Bilaspur,0,22.0796251,82.1391412,STATE_MISMATCH,"Declared state ""Himachal Pradesh"" does not contain coordinates (22.0796251, 82.1391412). Coordinates locate in/near ""Chhattisgarh""."
97fb1704-ef48-4392-b080-7eebe960c5ed,Community Health Centre,Himachal Pradesh,Bilaspur,0,22.0796251,82.1391412,STATE_MISMATCH,"Declared state ""Himachal Pradesh"" does not contain coordinates (22.0796251, 82.1391412). Coordinates locate in/near ""Chhattisgarh""."
9aeaa96d-2733-42e6-a008-3b73b20696f3,Community Health Centre,Himachal Pradesh,Bilaspur,174031,22.0796251,82.1391412,STATE_MISMATCH,"Declared state ""Himachal Pradesh"" does not contain coordinates (22.0796251, 82.1391412). Coordinates locate in/near ""Chhattisgarh""."
5c397d9b-ff11-417c-a969-39f8ea1b9e72,Sri Harihar Hospital and Research Centre,Himachal Pradesh,Kullu,0,23.7250083,90.4053026,STATE_MISMATCH,"Declared state ""Himachal Pradesh"" does not contain coordinates (23.7250083, 90.4053026). Coordinates locate in/near ""OUTSIDE_KNOWN_STATE_BOUNDS""."
8653863a-ade9-40da-bdf6-1659a7ce36fe,Aastha Maternity Home and Taruma Centre,Himachal Pradesh,Mandi,175008,25.3077585,82.9960144,STATE_MISMATCH,"Declared state ""Himachal Pradesh"" does not contain coordinates (25.3077585, 82.9960144). Coordinates locate in/near ""Uttar Pradesh""."
2b5cfa26-6103-4445-a83a-4b09c22711a2,Niramay Clinic,Himachal Pradesh,Mandi,0,17.3475489,78.506413,STATE_MISMATCH,"Declared state ""Himachal Pradesh"" does not contain coordinates (17.3475489, 78.506413). Coordinates locate in/near ""Andhra Pradesh""."
80371e4b-90f2-4779-a99c-5ea2e98a6c08,Indira Gandhi Medical College and Hospital,Himachal Pradesh,Shimla,171001,11.9472547,79.7896601,STATE_MISMATCH,"Declared state ""Himachal Pradesh"" does not contain coordinates (11.9472547, 79.7896601). Coordinates locate in/near ""Tamil Nadu""."
a07db3e7-b676-411d-9e51-888812036484,Dr.Lakhanpaul Nursing Home Dental Speciality Centre,Himachal Pradesh,Shimla,0,23.311436,85.317204,STATE_MISMATCH,"Declared state ""Himachal Pradesh"" does not contain coordinates (23.311436, 85.317204). Coordinates locate in/near ""Jharkhand""."
c987fc70-ba2e-4bb6-98a7-ece7c7b9a636,Bhardwaj Dnsd Medical Center,Himachal Pradesh,Solan,173212,28.963888,80.1850654,STATE_MISMATCH,"Declared state ""Himachal Pradesh"" does not contain coordinates (28.963888, 80.1850654). Coordinates locate in/near ""Uttar Pradesh""."
b4e239f0-1f4e-4b4c-96b0-69808f77a8c3,Chawala Medical Centre And Nursing Home,Himachal Pradesh,Una,174315,31.0344474,75.4673654,STATE_MISMATCH,"Declared state ""Himachal Pradesh"" does not contain coordinates (31.0344474, 75.4673654). Coordinates locate in/near ""Punjab""."
99e031a4-20b9-4918-a153-6b33a4df1846,SDKL Memorial Gloda Hospital,Himachal Pradesh,Hamirpur,177001,32.7733349,74.8397332,STATE_MISMATCH,"Declared state ""Himachal Pradesh"" does not contain coordinates (32.7733349, 74.8397332). Coordinates locate in/near ""Jammu and Kashmir""."
07ecc953-a5b5-4640-bf93-9567a271b1f0,Dr.Vijay Chaudhary Hospital,Himachal Pradesh,Kangra,0,12.9246632,80.1144076,STATE_MISMATCH,"Declared state ""Himachal Pradesh"" does not contain coordinates (12.9246632, 80.1144076). Coordinates locate in/near ""Andhra Pradesh""."
79661634-c09e-4139-8107-956508bf4ba1,Kashmiris Dental Clinic,Himachal Pradesh,Kangra,0,17.4274818,78.4998505,STATE_MISMATCH,"Declared state ""Himachal Pradesh"" does not contain coordinates (17.4274818, 78.4998505). Coordinates locate in/near ""Andhra Pradesh""."
7e75ea6d-98bb-453b-983d-ec7fb9977eb9,Pathania Dental Clinic,Himachal Pradesh,Kangra,0,31.301887,75.57624,STATE_MISMATCH,"Declared state ""Himachal Pradesh"" does not contain coordinates (31.301887, 75.57624). Coordinates locate in/near ""Punjab""."
86e40275-1339-40e1-afa4-f98492b3a8e7,Jagriti Medical Centre,Himachal Pradesh,Mandi,0,31.0157458,73.8521521,STATE_MISMATCH,"Declared state ""Himachal Pradesh"" does not contain coordinates (31.0157458, 73.8521521). Coordinates locate in/near ""Punjab""."
d7055dd9-f8f8-4711-aa22-2b359436f235,Col. Sir. R.N. Chopra Nursing Home,Jammu and Kashmir,Jammu,180001,19.8930198,75.3185466,STATE_MISMATCH,"Declared state ""Jammu and Kashmir"" does not contain coordinates (19.8930198, 75.3185466). Coordinates locate in/near ""Maharashtra""."
878fd19a-6fa5-424d-9fa9-fdfbdfb20705,Suvidha Mother and Child Nursing Home,Jammu and Kashmir,Jammu,180001,12.9477453,77.5626566,STATE_MISMATCH,"Declared state ""Jammu and Kashmir"" does not contain coordinates (12.9477453, 77.5626566). Coordinates locate in/near ""Andhra Pradesh""."
e84f3fae-7b3f-4b00-addf-63816ec8b7a8,"Govt Medical College Hospital ,Jammu",Jammu and Kashmir,Jammu,180004,19.8930198,75.3185466,STATE_MISMATCH,"Declared state ""Jammu and Kashmir"" does not contain coordinates (19.8930198, 75.3185466). Coordinates locate in/near ""Maharashtra""."
5e6bd6f6-2408-489b-a14a-149c6e490466,"Smgs Hospital Medical College, Jammu.",Jammu and Kashmir,Jammu,180004,28.6292425,77.0993301,STATE_MISMATCH,"Declared state ""Jammu and Kashmir"" does not contain coordinates (28.6292425, 77.0993301). Coordinates locate in/near ""Haryana""."
d7df50cd-c716-4d06-bc03-69ca45450ce7,Kalindi Hospital And Diagnostic Centre,Jammu and Kashmir,Jammu,180005,26.8983972,80.9629496,STATE_MISMATCH,"Declared state ""Jammu and Kashmir"" does not contain coordinates (26.8983972, 80.9629496). Coordinates locate in/near ""Madhya Pradesh""."
5ed7e78c-16bf-4f0c-8c79-9b06f3d49575,Dr. K.D's Eye Hospital,Jammu and Kashmir,Jammu,180011,29.8635857,77.8824892,STATE_MISMATCH,"Declared state ""Jammu and Kashmir"" does not contain coordinates (29.8635857, 77.8824892). Coordinates locate in/near ""Rajasthan""."
d954f15b-0510-4d72-9413-cf861c61ebf2,Aargyam Multi Speciality Clinical Care,Jharkhand,Bokaro,827001,18.4988374,73.9508249,STATE_MISMATCH,"Declared state ""Jharkhand"" does not contain coordinates (18.4988374, 73.9508249). Coordinates locate in/near ""Maharashtra""."
a0fd27f5-2b26-4f0d-a5ee-e90f48584fbe,Apollo Nursing Home And Research Centre,Jharkhand,Chatra,825401,26.7687273,82.1438468,STATE_MISMATCH,"Declared state ""Jharkhand"" does not contain coordinates (26.7687273, 82.1438468). Coordinates locate in/near ""Madhya Pradesh""."
5ca04dbf-922c-4fe8-a710-063f243ebe7c,Namdhari Hospital and Research Center,Jharkhand,Dhanbad,826001,27.7032289,85.3112169,STATE_MISMATCH,"Declared state ""Jharkhand"" does not contain coordinates (27.7032289, 85.3112169). Coordinates locate in/near ""OUTSIDE_KNOWN_STATE_BOUNDS""."
b36f5286-3588-46bb-8424-f92ec5dabe0b,R.C. Hazra Memeorial Hospital,Jharkhand,Dhanbad,826001,12.3081978,76.6608517,STATE_MISMATCH,"Declared state ""Jharkhand"" does not contain coordinates (12.3081978, 76.6608517). Coordinates locate in/near ""Karnataka""."
6079ec03-fc0d-4663-bfb6-393ab9e1c509,Sunjeevani Nursing Home,Jharkhand,Dhanbad,828106,19.1247154,73.0699597,STATE_MISMATCH,"Declared state ""Jharkhand"" does not contain coordinates (19.1247154, 73.0699597). Coordinates locate in/near ""Maharashtra""."
0160bb14-bc59-48c6-a707-5f9aea56ba76,Shankar Nurshing Home,Jharkhand,Hazaribag,825301,28.6583694,77.1824971,STATE_MISMATCH,"Declared state ""Jharkhand"" does not contain coordinates (28.6583694, 77.1824971). Coordinates locate in/near ""Haryana""."
c79eab12-7f04-4591-9c9b-7bf0fb79b711,Patliputra Medical College and Hospital,Jharkhand,Hazaribag,825301,19.1503529,72.8373754,STATE_MISMATCH,"Declared state ""Jharkhand"" does not contain coordinates (19.1503529, 72.8373754). Coordinates locate in/near ""Maharashtra""."
1d6d385c-6246-4574-9f41-457e55220d2d,Popular Nursing Home,Jharkhand,Jamtara,815351,28.6488324,77.162813,STATE_MISMATCH,"Declared state ""Jharkhand"" does not contain coordinates (28.6488324, 77.162813). Coordinates locate in/near ""Haryana""."
0350aeba-8d8e-4f84-8ef7-3f9afe846dfe,Rjsior Hospital,Jharkhand,Ranchi,834001,29.1610183,75.757729,STATE_MISMATCH,"Declared state ""Jharkhand"" does not contain coordinates (29.1610183, 75.757729). Coordinates locate in/near ""Haryana""."
edd034fd-569c-4e0b-ae71-f6f2d40a68e7,Sisir Seva Sadn,Jharkhand,Ranchi,834001,29.1321415,75.7475416,STATE_MISMATCH,"Declared state ""Jharkhand"" does not contain coordinates (29.1321415, 75.7475416). Coordinates locate in/near ""Haryana""."
b4ab4d71-36dc-49ed-abc2-791aba06a834,Shanthi Hospital,Karnataka,Bagalkot,587101,23.7446955,90.3679297,STATE_MISMATCH,"Declared state ""Karnataka"" does not contain coordinates (23.7446955, 90.3679297). Coordinates locate in/near ""OUTSIDE_KNOWN_STATE_BOUNDS""."
de5e2ee2-cb5c-4969-9807-2955e123b32d,Tulasigirish Diabetes Hospital,Karnataka,Bagalkot,587101,28.5962004,77.0731176,STATE_MISMATCH,"Declared state ""Karnataka"" does not contain coordinates (28.5962004, 77.0731176). Coordinates locate in/near ""Haryana""."
9101cd96-5b7c-459f-a6d1-86619a94ba96,Baddur Clinic,Karnataka,Bagalkot,587311,18.5240566,73.8646945,STATE_MISMATCH,"Declared state ""Karnataka"" does not contain coordinates (18.5240566, 73.8646945). Coordinates locate in/near ""Maharashtra""."
82e6e779-6735-42b5-9305-beae171e395c,Vijaya Hospital,Karnataka,Belagavi,590001,9.6707394,76.533547,STATE_MISMATCH,"Declared state ""Karnataka"" does not contain coordinates (9.6707394, 76.533547). Coordinates locate in/near ""Kerala""."
98c61f2b-4852-499c-aa1e-2708f4a1baa7,Shri Sai Multi Speciality Hospital,Karnataka,Belagavi,590005,18.622621,73.859354,STATE_MISMATCH,"Declared state ""Karnataka"" does not contain coordinates (18.622621, 73.859354). Coordinates locate in/near ""Maharashtra""."
a99be5e6-80b1-40e9-b830-9cc6bf7d8fbb,Dr. Kotwal Maternity Hospital,Karnataka,Belagavi,590016,19.135931,72.849588,STATE_MISMATCH,"Declared state ""Karnataka"" does not contain coordinates (19.135931, 72.849588). Coordinates locate in/near ""Maharashtra""."
16b1480b-5db3-49c8-8db0-a6b1329075f6,Savashram Chikitsalaya,Karnataka,Belagavi,591108,13.0373414,80.2159027,STATE_MISMATCH,"Declared state ""Karnataka"" does not contain coordinates (13.0373414, 80.2159027). Coordinates locate in/near ""Andhra Pradesh""."
a41390d1-4ed0-4d8d-8978-cd2d0dcd88c3,Suiddhi Nursing Home,Karnataka,Belagavi,591108,28.1037911,78.3545378,STATE_MISMATCH,"Declared state ""Karnataka"" does not contain coordinates (28.1037911, 78.3545378). Coordinates locate in/near ""Uttar Pradesh""."
3a0c712c-8866-4b34-b50d-93ab93d267d6,Jangu Hospital and Polyclinic,Karnataka,Belagavi,591233,10.3624871,77.9674234,STATE_MISMATCH,"Declared state ""Karnataka"" does not contain coordinates (10.3624871, 77.9674234). Coordinates locate in/near ""Tamil Nadu""."
b90e5ca4-2bbe-447f-9aae-318673d60dcd,Shrinivas Eye Hospital,Karnataka,Belagavi,591307,23.2642046,77.4012237,STATE_MISMATCH,"Declared state ""Karnataka"" does not contain coordinates (23.2642046, 77.4012237). Coordinates locate in/near ""Madhya Pradesh""."
80e6c0a3-8c68-4d5c-8faa-60b670cdfdf0,Arunodaya Hospital,Karnataka,Ballari,583101,34.1255413,74.9442585,STATE_MISMATCH,"Declared state ""Karnataka"" does not contain coordinates (34.1255413, 74.9442585). Coordinates locate in/near ""Jammu and Kashmir""."
75dcee3f-534a-42d4-81fb-be03a752a33f,Cs Multispeciality Hospital,Karnataka,Ballari,583102,12.9628521,80.1862917,STATE_MISMATCH,"Declared state ""Karnataka"" does not contain coordinates (12.9628521, 80.1862917). Coordinates locate in/near ""Andhra Pradesh""."
23c2661c-01a3-4306-9a56-535c356e8c26,Vims,Karnataka,Ballari,583102,8.5206817,76.9254134,STATE_MISMATCH,"Declared state ""Karnataka"" does not contain coordinates (8.5206817, 76.9254134). Coordinates locate in/near ""Kerala""."
6cb7b7af-f689-460e-a7a5-8ea4a0ed128d,Adarsh Nursing Home,Karnataka,Ballari,583103,23.2156354,72.6369415,STATE_MISMATCH,"Declared state ""Karnataka"" does not contain coordinates (23.2156354, 72.6369415). Coordinates locate in/near ""Gujarat""."
21b877ac-55f0-4bcc-aa31-cc92fd8baf1a,Shri Dwaraka Nursing Home,Karnataka,Ballari,583103,17.5917436,78.9446423,STATE_MISMATCH,"Declared state ""Karnataka"" does not contain coordinates (17.5917436, 78.9446423). Coordinates locate in/near ""Andhra Pradesh""."
25795b08-0bb8-4734-8082-582086a9e6c8,Little Flower Hospital Pvt. Ltd,Karnataka,Bengaluru Urban,560001,11.4610891,78.1928228,STATE_MISMATCH,"Declared state ""Karnataka"" does not contain coordinates (11.4610891, 78.1928228). Coordinates locate in/near ""Tamil Nadu""."
2db5d203-6cf5-4ea1-9be7-54131b072b67,Popular Nur,Karnataka,Bengaluru Urban,560001,19.1645467,72.944227,STATE_MISMATCH,"Declared state ""Karnataka"" does not contain coordinates (19.1645467, 72.944227). Coordinates locate in/near ""Maharashtra""."
67a6dad5-271d-4ac9-9446-17970d5d69fe,Bangalore West Lions Eye Hospital and Cornea Grafting,Karnataka,Bengaluru Urban,560002,23.7509604,90.4400338,STATE_MISMATCH,"Declared state ""Karnataka"" does not contain coordinates (23.7509604, 90.4400338). Coordinates locate in/near ""OUTSIDE_KNOWN_STATE_BOUNDS""."
c32b144b-9395-4a59-8cf0-199a33e67c60,Institute Of Nephro Urology,Karnataka,Bengaluru Urban,560002,18.961019,72.8359607,STATE_MISMATCH,"Declared state ""Karnataka"" does not contain coordinates (18.961019, 72.8359607). Coordinates locate in/near ""Maharashtra""."
4465c5b5-ae72-40ea-a73e-e103fb5e72c1,Vani Vilas Hospital,Karnataka,Bengaluru Urban,560002,23.8131377,90.3985468,STATE_MISMATCH,"Declared state ""Karnataka"" does not contain coordinates (23.8131377, 90.3985468). Coordinates locate in/near ""OUTSIDE_KNOWN_STATE_BOUNDS""."
23d3edc9-8a2e-41ee-bc1f-85fbc9e3cb38,Popular Hospital,Karnataka,Bengaluru Urban,560004,13.063199,80.2235291,STATE_MISMATCH,"Declared state ""Karnataka"" does not contain coordinates (13.063199, 80.2235291). Coordinates locate in/near ""Andhra Pradesh""."
2526e92c-8b24-43db-9b8a-fb7d0470e47b,Sharada Dhanvantari Haemodialysis Centre,Karnataka,Bengaluru Urban,560004,13.0632319,80.221594,STATE_MISMATCH,"Declared state ""Karnataka"" does not contain coordinates (13.0632319, 80.221594). Coordinates locate in/near ""Andhra Pradesh""."
1317c909-2afa-44b5-91a6-318488e2c333,Joseph Clinic,Karnataka,Bengaluru Urban,560008,12.9955442,80.2514885,STATE_MISMATCH,"Declared state ""Karnataka"" does not contain coordinates (12.9955442, 80.2514885). Coordinates locate in/near ""Andhra Pradesh""."
a01b50bc-bbe8-440c-9977-e861b44fa198,Apollo Rm Hospital,Karnataka,Bengaluru Urban,560020,12.9785849,80.2320987,STATE_MISMATCH,"Declared state ""Karnataka"" does not contain coordinates (12.9785849, 80.2320987). Coordinates locate in/near ""Andhra Pradesh""."
451755a0-67f8-4eb0-be3c-a28c47946d0f,Medicare Hospital,Karnataka,Bengaluru Urban,560032,12.9670443,80.2091237,STATE_MISMATCH,"Declared state ""Karnataka"" does not contain coordinates (12.9670443, 80.2091237). Coordinates locate in/near ""Andhra Pradesh""."
9b4e3737-7f0a-408a-aa56-bc7ae2f5ebaa,North Side Health Centre,Karnataka,Bengaluru Urban,560032,29.9038399,73.8771901,STATE_MISMATCH,"Declared state ""Karnataka"" does not contain coordinates (29.9038399, 73.8771901). Coordinates locate in/near ""Punjab""."
5d6d66b2-048d-44eb-8853-96797e02a3ed,Pratham Ent and Child Care Centre,Karnataka,Bengaluru Urban,560033,26.881779,75.7797559,STATE_MISMATCH,"Declared state ""Karnataka"" does not contain coordinates (26.881779, 75.7797559). Coordinates locate in/near ""Madhya Pradesh""."
9086f1b3-5d9e-4e25-a717-48802c887013,Apoorva Diagnostic Centre,Karnataka,Bengaluru Urban,560038,18.4713653,73.8661598,STATE_MISMATCH,"Declared state ""Karnataka"" does not contain coordinates (18.4713653, 73.8661598). Coordinates locate in/near ""Maharashtra""."
e0eaaa6e-0892-437d-8207-d7123349d9a6,Cosmo Multispeciality Hospital,Karnataka,Bengaluru Urban,560050,25.9384228,87.4033964,STATE_MISMATCH,"Declared state ""Karnataka"" does not contain coordinates (25.9384228, 87.4033964). Coordinates locate in/near ""Bihar""."
611a7cb7-b858-4e21-83f7-d26724c74de6,Narayana Hrudayalaya Csi Hospital,Karnataka,Bengaluru Urban,560051,19.7865252,74.0678281,STATE_MISMATCH,"Declared state ""Karnataka"" does not contain coordinates (19.7865252, 74.0678281). Coordinates locate in/near ""Maharashtra""."
bc68e1fb-37f5-4ffc-a109-cbce444881d6,Mahesh Clinic,Karnataka,Bengaluru Urban,560053,19.2105512,72.8748702,STATE_MISMATCH,"Declared state ""Karnataka"" does not contain coordinates (19.2105512, 72.8748702). Coordinates locate in/near ""Maharashtra""."
0d887d3e-ca65-411a-a001-ab07e9142f09,Rajankunte Hospital,Karnataka,Bengaluru Urban,560064,13.6781837,79.352188,STATE_MISMATCH,"Declared state ""Karnataka"" does not contain coordinates (13.6781837, 79.352188). Coordinates locate in/near ""Andhra Pradesh""."
25742f4f-2610-480c-92e2-5b6126ebad9f,Scan Point Diagnostics,Karnataka,Bengaluru Urban,560072,23.223396,77.4334193,STATE_MISMATCH,"Declared state ""Karnataka"" does not contain coordinates (23.223396, 77.4334193). Coordinates locate in/near ""Madhya Pradesh""."
6313cc1e-41ce-4dea-b996-899b15fa1854,Lalitha Healthcare Pvt.Ltd.(A Fortis Network Hospital),Karnataka,Bengaluru Urban,560020,12.9785849,80.2320987,STATE_MISMATCH,"Declared state ""Karnataka"" does not contain coordinates (12.9785849, 80.2320987). Coordinates locate in/near ""Andhra Pradesh""."
fd6c874e-3cae-40a8-83e6-5fd652de90c7,Neha Prakash Hospital,Karnataka,Bengaluru Urban,560064,28.4689118,77.1411003,STATE_MISMATCH,"Declared state ""Karnataka"" does not contain coordinates (28.4689118, 77.1411003). Coordinates locate in/near ""Haryana""."
480a2ba7-b020-40ee-8654-c9bfc86271fa,Vivek Nursing Home,Karnataka,Bidar,585401,25.3937109,68.2549869,STATE_MISMATCH,"Declared state ""Karnataka"" does not contain coordinates (25.3937109, 68.2549869). Coordinates locate in/near ""OUTSIDE_KNOWN_STATE_BOUNDS""."
8a60a0b4-0299-4833-b2fa-beef6dbe8629,Dhanvantari Nursing Home,Karnataka,Vijayapura,586104,11.9498781,79.8002558,STATE_MISMATCH,"Declared state ""Karnataka"" does not contain coordinates (11.9498781, 79.8002558). Coordinates locate in/near ""Tamil Nadu""."
2bda739e-a47d-4238-bf73-521cfbc4cac6,Dr. Munir Bangi Hospital,Karnataka,Vijayapura,586104,18.931092,72.826454,STATE_MISMATCH,"Declared state ""Karnataka"" does not contain coordinates (18.931092, 72.826454). Coordinates locate in/near ""Maharashtra""."
b21fd380-e699-4dd9-bf91-1ab4ba476ccc,Assissi Hospital,Karnataka,Chamarajanagar,571111,10.9614397,78.0757876,STATE_MISMATCH,"Declared state ""Karnataka"" does not contain coordinates (10.9614397, 78.0757876). Coordinates locate in/near ""Tamil Nadu""."
de683aac-a6f4-4076-9ae7-0753df19b476,V.A.M.Hospital,Karnataka,Chamarajanagar,571111,11.4113932,76.7095323,STATE_MISMATCH,"Declared state ""Karnataka"" does not contain coordinates (11.4113932, 76.7095323). Coordinates locate in/near ""Kerala""."
4fe47bcf-1f87-45cc-bdf0-e9fb39d8dfee,Ashraya Hospital,Karnataka,Chikkamagaluru,577101,13.0343948,80.1713919,STATE_MISMATCH,"Declared state ""Karnataka"" does not contain coordinates (13.0343948, 80.1713919). Coordinates locate in/near ""Andhra Pradesh""."
040d37dc-1bc8-433a-b8c8-0875fca8a86f,Indira Hospital,Karnataka,Chikkaballapur,563125,10.8238097,78.687498,STATE_MISMATCH,"Declared state ""Karnataka"" does not contain coordinates (10.8238097, 78.687498). Coordinates locate in/near ""Tamil Nadu""."
ad34f196-e71e-4c0f-9e08-61abacbb68d8,Basaveshwara Hospital and Research Center Pvt Ltd,Karnataka,Chitradurga,577501,16.1916584,81.1250985,STATE_MISMATCH,"Declared state ""Karnataka"" does not contain coordinates (16.1916584, 81.1250985). Coordinates locate in/near ""Andhra Pradesh""."
89fbdf53-1c03-40cb-aeb6-c96115211bad,Bhats Nurshing Home,Karnataka,Dakshina Kannada,575003,13.078944,80.2119443,STATE_MISMATCH,"Declared state ""Karnataka"" does not contain coordinates (13.078944, 80.2119443). Coordinates locate in/near ""Andhra Pradesh""."
fd96665c-d05f-4bcb-a307-b26cfaf76433,Ashwini Nursing Home,Karnataka,Davangere,577002,31.4388107,74.2919165,STATE_MISMATCH,"Declared state ""Karnataka"" does not contain coordinates (31.4388107, 74.2919165). Coordinates locate in/near ""Punjab""."
65152e70-3c3b-47ab-a5f6-274160582247,Suraj Hospital Pvt. Ltd.,Karnataka,Davangere,577004,13.0151965,80.2089209,STATE_MISMATCH,"Declared state ""Karnataka"" does not contain coordinates (13.0151965, 80.2089209). Coordinates locate in/near ""Andhra Pradesh""."
7e3979e0-2004-43fd-8f4c-dc53860e3eda,Indumati Diabetic And Heart Care Centre,Karnataka,Dharwad,580001,18.493572,73.85172,STATE_MISMATCH,"Declared state ""Karnataka"" does not contain coordinates (18.493572, 73.85172). Coordinates locate in/near ""Maharashtra""."
0892901d-ecbd-46dc-ac45-7cba887f8b3d,Chandan Nagar Ocular Clinic,Karnataka,Dharwad,580020,22.8611273,88.368633,STATE_MISMATCH,"Declared state ""Karnataka"" does not contain coordinates (22.8611273, 88.368633). Coordinates locate in/near ""West Bengal""."
0b232012-75fa-4572-926f-ba5b82e4b8b0,Rishra Seva Sadan,Karnataka,Dharwad,580020,22.7156108,88.3336032,STATE_MISMATCH,"Declared state ""Karnataka"" does not contain coordinates (22.7156108, 88.3336032). Coordinates locate in/near ""West Bengal""."
e3cae6d6-c137-4e29-a214-11d737a4cddf,Hubli Heart Care Hospital,Karnataka,Dharwad,580029,9.9556669,78.1289565,STATE_MISMATCH,"Declared state ""Karnataka"" does not contain coordinates (9.9556669, 78.1289565). Coordinates locate in/near ""Tamil Nadu""."
29ef35c7-cd21-4bf6-bd82-d759b255bcc6,Siddharth Hospital,Karnataka,Dharwad,580029,22.9884468,72.4949156,STATE_MISMATCH,"Declared state ""Karnataka"" does not contain coordinates (22.9884468, 72.4949156). Coordinates locate in/near ""Gujarat""."
4791f1de-271b-4765-b97f-e01de07793de,United Nursing Home,Karnataka,Dharwad,580029,22.8603296,88.3688527,STATE_MISMATCH,"Declared state ""Karnataka"" does not contain coordinates (22.8603296, 88.3688527). Coordinates locate in/near ""West Bengal""."
d1be9bd0-e6ad-4faa-b7fa-cc4a66ef7b71,Kshema Orthopaedic Hospitals Pvt. Ltd.,Karnataka,Dharwad,580030,19.0399378,73.0194861,STATE_MISMATCH,"Declared state ""Karnataka"" does not contain coordinates (19.0399378, 73.0194861). Coordinates locate in/near ""Maharashtra""."
b5268158-ccc4-4984-bd6f-9ebb87a75c58,Lakshmi Nursing Home,Karnataka,Hassan,573201,10.9978567,76.9715147,STATE_MISMATCH,"Declared state ""Karnataka"" does not contain coordinates (10.9978567, 76.9715147). Coordinates locate in/near ""Kerala""."
1260c1b3-1b77-4f27-b964-a8df08374df9,Mahalakshmi Nursing Home,Karnataka,Hassan,573201,10.9978567,76.9715147,STATE_MISMATCH,"Declared state ""Karnataka"" does not contain coordinates (10.9978567, 76.9715147). Coordinates locate in/near ""Kerala""."
5d6c28f3-2a3f-402d-accc-e77c050d9e9b,"Rajeev Hospital, Hassan",Karnataka,Hassan,573201,16.5147537,80.6200619,STATE_MISMATCH,"Declared state ""Karnataka"" does not contain coordinates (16.5147537, 80.6200619). Coordinates locate in/near ""Andhra Pradesh""."
ddb76380-12cf-4a7d-a8c0-f26c4edd7012,Dr.Dange Nursing Home,Karnataka,Haveri,581110,13.0263892,80.2566037,STATE_MISMATCH,"Declared state ""Karnataka"" does not contain coordinates (13.0263892, 80.2566037). Coordinates locate in/near ""Andhra Pradesh""."
52047303-56f8-48f6-b8dd-50b4f6a56991,"Mandya Medical Institute Of Science, Mandya",Karnataka,Mandya,571401,28.0277448,79.1274036,STATE_MISMATCH,"Declared state ""Karnataka"" does not contain coordinates (28.0277448, 79.1274036). Coordinates locate in/near ""Uttar Pradesh""."
42b014c3-60bf-45ff-b666-76f7af59b02c,New Pragathi Nursing Home,Karnataka,Mandya,571401,24.5897924,73.7002436,STATE_MISMATCH,"Declared state ""Karnataka"" does not contain coordinates (24.5897924, 73.7002436). Coordinates locate in/near ""Gujarat""."
3a9e47ed-4d64-404e-9ea6-c9d4ef9dccc8,Ravi Nursing Home,Karnataka,Mandya,571401,26.9069413,75.8122758,STATE_MISMATCH,"Declared state ""Karnataka"" does not contain coordinates (26.9069413, 75.8122758). Coordinates locate in/near ""Rajasthan""."
ba1892f9-fbfe-4228-80f9-5f9a7bbe8d2b,Santhathi Infertility and Maternity Center,Karnataka,Mandya,571401,24.5897924,73.7002436,STATE_MISMATCH,"Declared state ""Karnataka"" does not contain coordinates (24.5897924, 73.7002436). Coordinates locate in/near ""Gujarat""."
b63861e0-75a6-4302-b258-b71545087bf8,Sri Nidhi Hospital,Karnataka,Mandya,571401,13.0393451,80.2122528,STATE_MISMATCH,"Declared state ""Karnataka"" does not contain coordinates (13.0393451, 80.2122528). Coordinates locate in/near ""Andhra Pradesh""."
b805dd7e-c275-47b5-a9df-4f679c345ac1,"KMC Hospital, Ambedkar Circle",Karnataka,Dakshina Kannada,575001,12.9643509,80.1411433,STATE_MISMATCH,"Declared state ""Karnataka"" does not contain coordinates (12.9643509, 80.1411433). Coordinates locate in/near ""Andhra Pradesh""."
be4a0240-12a8-46c8-a885-99faf3983e97,Relife Hospital,Karnataka,Mysuru,570007,22.7211712,75.8615124,STATE_MISMATCH,"Declared state ""Karnataka"" does not contain coordinates (22.7211712, 75.8615124). Coordinates locate in/near ""Madhya Pradesh""."
a37dfed8-4892-4c60-b8a7-8aea23f27f8f,Prajna Kuteera,Karnataka,Mysuru,570010,13.0298798,80.2342283,STATE_MISMATCH,"Declared state ""Karnataka"" does not contain coordinates (13.0298798, 80.2342283). Coordinates locate in/near ""Andhra Pradesh""."
91399a94-cb00-40ec-b2f3-caef30014ae3,Government Hopital H.D. Kote,Karnataka,Mysuru,571121,32.8513987,74.301692,STATE_MISMATCH,"Declared state ""Karnataka"" does not contain coordinates (32.8513987, 74.301692). Coordinates locate in/near ""Jammu and Kashmir""."
3b5e2335-5b3d-4ea7-8a3b-5342f17eea1e,Sanjeevani Hospital,Karnataka,Shivamogga,577401,27.0710253,68.6130146,STATE_MISMATCH,"Declared state ""Karnataka"" does not contain coordinates (27.0710253, 68.6130146). Coordinates locate in/near ""OUTSIDE_KNOWN_STATE_BOUNDS""."
b23463ff-a269-441e-8369-9b4260be8691,Sri Vighneshwara Hospital,Karnataka,Shivamogga,577401,20.0358592,73.8039261,STATE_MISMATCH,"Declared state ""Karnataka"" does not contain coordinates (20.0358592, 73.8039261). Coordinates locate in/near ""Maharashtra""."
6e0ce9a0-3a71-4f9a-ad93-b528656cb9fd,Sree Sharada Devi Eye Hospital,Karnataka,Tumakuru,561202,25.1244669,75.8098141,STATE_MISMATCH,"Declared state ""Karnataka"" does not contain coordinates (25.1244669, 75.8098141). Coordinates locate in/near ""Madhya Pradesh""."
54a6857e-3e8b-443e-88dd-7d5e7c50d563,Shridevi Hospital,Karnataka,Tumakuru,572101,12.9808209,80.2066073,STATE_MISMATCH,"Declared state ""Karnataka"" does not contain coordinates (12.9808209, 80.2066073). Coordinates locate in/near ""Andhra Pradesh""."
fa63ace4-3d34-4dd3-8db1-5180cfda94de,Taluk Health Office,Karnataka,Yadgir,585223,19.4559236,73.3296037,STATE_MISMATCH,"Declared state ""Karnataka"" does not contain coordinates (19.4559236, 73.3296037). Coordinates locate in/near ""Maharashtra""."
b243abd9-ddd5-4904-9bee-92ecfddf6c3a,K V M Mutispeciality Hospital,Kerala,Alappuzha,688524,18.5691128,73.7701993,STATE_MISMATCH,"Declared state ""Kerala"" does not contain coordinates (18.5691128, 73.7701993). Coordinates locate in/near ""Maharashtra""."
2a854895-b105-488e-995f-d311b6cbe6e5,Anwar Memorial Hospital,Kerala,Ernakulam,683101,19.183688,77.2950259,STATE_MISMATCH,"Declared state ""Kerala"" does not contain coordinates (19.183688, 77.2950259). Coordinates locate in/near ""Andhra Pradesh""."
6cdcf6a5-5034-490b-bf4d-eaba12925ed9,Saba Hospital,Kerala,Kannur,670307,12.662559,80.17743,STATE_MISMATCH,"Declared state ""Kerala"" does not contain coordinates (12.662559, 80.17743). Coordinates locate in/near ""Andhra Pradesh""."
2b4ce8be-9274-4f9b-b337-2e9b2c860fb6,Kanhangad Nursing Home,Kerala,Kasaragod,671315,13.7975001,76.2843163,STATE_MISMATCH,"Declared state ""Kerala"" does not contain coordinates (13.7975001, 76.2843163). Coordinates locate in/near ""Karnataka""."
208976e6-a4f1-4916-8f97-de9ae202b27f,Satchidananda Institute Of Medical Science,Kerala,Kasaragod,671315,29.3947643,79.1264997,STATE_MISMATCH,"Declared state ""Kerala"" does not contain coordinates (29.3947643, 79.1264997). Coordinates locate in/near ""Uttar Pradesh""."
f9519b06-1dbf-4fba-973d-abf4fd6e531b,Ramapuram,Kerala,Kottayam,686571,13.0317443,80.1816719,STATE_MISMATCH,"Declared state ""Kerala"" does not contain coordinates (13.0317443, 80.1816719). Coordinates locate in/near ""Andhra Pradesh""."
a66374f7-15ab-44f3-8a13-a97cdf770009,Saravana Hospital,Kerala,Thiruvananthapuram,695001,13.0501141,80.2560144,STATE_MISMATCH,"Declared state ""Kerala"" does not contain coordinates (13.0501141, 80.2560144). Coordinates locate in/near ""Andhra Pradesh""."
2a83aa31-b55a-4644-ab0f-cad497abefc9,Mangala Medical Centre,Kerala,Thiruvananthapuram,695141,28.5077961,77.2311749,STATE_MISMATCH,"Declared state ""Kerala"" does not contain coordinates (28.5077961, 77.2311749). Coordinates locate in/near ""Haryana""."
69818a45-ffeb-42e9-b784-01956595debb,Ansar Hospital,Kerala,Thrissur,680519,24.879687,85.5336429,STATE_MISMATCH,"Declared state ""Kerala"" does not contain coordinates (24.879687, 85.5336429). Coordinates locate in/near ""Bihar""."
1268c875-d287-4860-b3c1-8b16fa0bf719,Amrutha Ayurvedic Heritage Centre,Kerala,Thrissur,680561,13.217176,79.1003289,STATE_MISMATCH,"Declared state ""Kerala"" does not contain coordinates (13.217176, 79.1003289). Coordinates locate in/near ""Andhra Pradesh""."
4e370479-e64f-49b9-bd27-843f64a37cc0,Dinesh Opticals,Madhya Pradesh,Balaghat,481661,10.9500185,76.9336219,STATE_MISMATCH,"Declared state ""Madhya Pradesh"" does not contain coordinates (10.9500185, 76.9336219). Coordinates locate in/near ""Kerala""."
b0ffc738-4bcb-4eba-9862-99dbd77b8775,Batra Hospital,Madhya Pradesh,Bhopal,462001,13.01177,77.676584,STATE_MISMATCH,"Declared state ""Madhya Pradesh"" does not contain coordinates (13.01177, 77.676584). Coordinates locate in/near ""Andhra Pradesh""."
bfcd3371-e31c-446f-aab6-909b81720a9a,Care Hospital,Madhya Pradesh,Bhopal,462001,10.6514424,76.9795263,STATE_MISMATCH,"Declared state ""Madhya Pradesh"" does not contain coordinates (10.6514424, 76.9795263). Coordinates locate in/near ""Kerala""."
b86118f4-3657-4519-89e9-a317b57f8375,Pushkar General Hospital,Madhya Pradesh,Bhopal,462001,27.5650088,77.6593394,STATE_MISMATCH,"Declared state ""Madhya Pradesh"" does not contain coordinates (27.5650088, 77.6593394). Coordinates locate in/near ""Rajasthan""."
ede2c6a5-63e2-4b76-9f0a-214278387c7a,Red Cross Diagnostic Centre,Madhya Pradesh,Bhopal,462016,17.4391338,78.4968457,STATE_MISMATCH,"Declared state ""Madhya Pradesh"" does not contain coordinates (17.4391338, 78.4968457). Coordinates locate in/near ""Andhra Pradesh""."
21c317ca-f85f-48ad-859d-a7614d60a15d,Batra Clinic and Nursing Home,Madhya Pradesh,Chhindwara,480441,27.5465804,68.2094456,STATE_MISMATCH,"Declared state ""Madhya Pradesh"" does not contain coordinates (27.5465804, 68.2094456). Coordinates locate in/near ""OUTSIDE_KNOWN_STATE_BOUNDS""."
4c30137d-1339-4168-9f46-cbc412b7e429,Chouhan Hospital and Lithotripsy Center,Madhya Pradesh,Dhar,454001,32.7356474,74.8680007,STATE_MISMATCH,"Declared state ""Madhya Pradesh"" does not contain coordinates (32.7356474, 74.8680007). Coordinates locate in/near ""Jammu and Kashmir""."
4c006737-8221-4e51-a319-deb16d31cc0a,Thakur Hospital,Madhya Pradesh,Gwalior,474001,27.1147181,80.1484407,STATE_MISMATCH,"Declared state ""Madhya Pradesh"" does not contain coordinates (27.1147181, 80.1484407). Coordinates locate in/near ""Uttar Pradesh""."
fa945b98-0119-4f69-b1bb-276a49938553,Ayushman Neuro Cardio Centre and Shubham Hospital,Madhya Pradesh,Gwalior,474002,26.0761268,85.7858851,STATE_MISMATCH,"Declared state ""Madhya Pradesh"" does not contain coordinates (26.0761268, 85.7858851). Coordinates locate in/near ""Bihar""."
56087bab-49ea-4ab6-8d6a-63607efaac15,Rishi Hospital,Madhya Pradesh,Hoshangabad,461001,23.0438581,72.5488977,STATE_MISMATCH,"Declared state ""Madhya Pradesh"" does not contain coordinates (23.0438581, 72.5488977). Coordinates locate in/near ""Gujarat""."
f580a380-e6df-4783-a0d3-11b9545df435,Hattarki Hospital and Trauma Center,Madhya Pradesh,Indore,452001,16.2008538,74.35983,STATE_MISMATCH,"Declared state ""Madhya Pradesh"" does not contain coordinates (16.2008538, 74.35983). Coordinates locate in/near ""Karnataka""."
7aa43e2d-b10a-444f-8201-a1a15f78c5da,Triveni Hospital,Madhya Pradesh,Indore,452001,19.1804788,72.951224,STATE_MISMATCH,"Declared state ""Madhya Pradesh"" does not contain coordinates (19.1804788, 72.951224). Coordinates locate in/near ""Maharashtra""."
d02a6c37-1388-47ae-8a48-bf34aa2ed711,Vishesh Diagnostics Pvt Ltd,Madhya Pradesh,Indore,452001,26.2817674,73.0063026,STATE_MISMATCH,"Declared state ""Madhya Pradesh"" does not contain coordinates (26.2817674, 73.0063026). Coordinates locate in/near ""Rajasthan""."
b3b166f9-3889-4848-af0e-c074a721a53a,Banthia Hospital,Madhya Pradesh,Indore,452005,22.2972443,70.7755738,STATE_MISMATCH,"Declared state ""Madhya Pradesh"" does not contain coordinates (22.2972443, 70.7755738). Coordinates locate in/near ""Gujarat""."
d01adc3b-5525-47cb-b69d-d1acefe00c43,Shashi Nursing Home,Madhya Pradesh,Indore,452014,28.6100931,77.3456487,STATE_MISMATCH,"Declared state ""Madhya Pradesh"" does not contain coordinates (28.6100931, 77.3456487). Coordinates locate in/near ""Haryana""."
1067478f-55e4-4b2d-ab27-a3d7187009fb,Sule Nursing Home,Madhya Pradesh,Jabalpur,482001,26.3143711,84.0295707,STATE_MISMATCH,"Declared state ""Madhya Pradesh"" does not contain coordinates (26.3143711, 84.0295707). Coordinates locate in/near ""Bihar""."
52a2270c-3d03-496d-8715-67cde045805f,Sanjeevan Hospital and Research Centre,Madhya Pradesh,Jabalpur,482004,29.3947643,79.1264997,STATE_MISMATCH,"Declared state ""Madhya Pradesh"" does not contain coordinates (29.3947643, 79.1264997). Coordinates locate in/near ""Uttar Pradesh""."
8fb69483-892f-4eb2-8cbb-585850dfccff,District Hospital,Madhya Pradesh,Morena,476001,25.6299127,85.0455609,STATE_MISMATCH,"Declared state ""Madhya Pradesh"" does not contain coordinates (25.6299127, 85.0455609). Coordinates locate in/near ""Bihar""."
8900a161-6fc2-40e6-8bfa-d5dd654ec9d4,Arogya Hospital,Madhya Pradesh,Raisen,464551,25.5474246,85.1411006,STATE_MISMATCH,"Declared state ""Madhya Pradesh"" does not contain coordinates (25.5474246, 85.1411006). Coordinates locate in/near ""Bihar""."
6f4dfdae-40d4-4699-b003-72ad370393df,Sewa Sadan Hospital,Madhya Pradesh,Seoni,480886,15.6204361,77.2851136,STATE_MISMATCH,"Declared state ""Madhya Pradesh"" does not contain coordinates (15.6204361, 77.2851136). Coordinates locate in/near ""Andhra Pradesh""."
4275d2ee-101f-4dc3-a0a6-a025a3c513be,Bhargava Heart Hospital and Intensive Care Unit,Madhya Pradesh,Ujjain,456010,16.8922136,74.5880598,STATE_MISMATCH,"Declared state ""Madhya Pradesh"" does not contain coordinates (16.8922136, 74.5880598). Coordinates locate in/near ""Karnataka""."
c194aa1e-578a-4aca-9b33-4cedc33a5492,Hole Hospital and Maternity Home,Maharashtra,Ahmednagar,414001,28.384764,77.303723,STATE_MISMATCH,"Declared state ""Maharashtra"" does not contain coordinates (28.384764, 77.303723). Coordinates locate in/near ""Haryana""."
8d2a64f1-7e25-4028-b87e-e2a556596e91,Kalyani Nursing Home,Maharashtra,Ahmednagar,414001,28.6139391,77.2090212,STATE_MISMATCH,"Declared state ""Maharashtra"" does not contain coordinates (28.6139391, 77.2090212). Coordinates locate in/near ""Haryana""."
79fd4b07-1855-4c62-b761-5fe99a3733cc,Patil Hospital,Maharashtra,Ahmednagar,414001,25.6069818,85.1172262,STATE_MISMATCH,"Declared state ""Maharashtra"" does not contain coordinates (25.6069818, 85.1172262). Coordinates locate in/near ""Bihar""."
d7bf87b9-6cff-4418-b2b6-0ce10e63ccfc,Satalkar Hospital,Maharashtra,Ahmednagar,414002,28.6139391,77.2090212,STATE_MISMATCH,"Declared state ""Maharashtra"" does not contain coordinates (28.6139391, 77.2090212). Coordinates locate in/near ""Haryana""."
2694f14a-ba0b-4ae1-b134-c71d09988b7a,Gajanan Hospital,Maharashtra,Akola,444001,12.9855865,80.1938203,STATE_MISMATCH,"Declared state ""Maharashtra"" does not contain coordinates (12.9855865, 80.1938203). Coordinates locate in/near ""Andhra Pradesh""."
5794777f-1add-423a-9a5d-52d1b3c547d5,Virwani Hospital,Maharashtra,Akola,444001,23.1626622,79.9715505,STATE_MISMATCH,"Declared state ""Maharashtra"" does not contain coordinates (23.1626622, 79.9715505). Coordinates locate in/near ""Madhya Pradesh""."
190608a9-e857-48cd-8ab7-f40a5058d4b3,Ajinkya Nursing Home,Maharashtra,Amravati,444601,30.3436005,78.043795,STATE_MISMATCH,"Declared state ""Maharashtra"" does not contain coordinates (30.3436005, 78.043795). Coordinates locate in/near ""Himachal Pradesh""."
8b2610fe-070d-41a3-82c1-f375d2bf8adb,Sanjeevan Hospital,Maharashtra,Amravati,444601,22.3145767,73.1457496,STATE_MISMATCH,"Declared state ""Maharashtra"" does not contain coordinates (22.3145767, 73.1457496). Coordinates locate in/near ""Gujarat""."
616af062-8a30-41bf-aa06-5405982cf980,Yash Netralaya and Child Hospital,Maharashtra,Amravati,444601,30.3436005,78.043795,STATE_MISMATCH,"Declared state ""Maharashtra"" does not contain coordinates (30.3436005, 78.043795). Coordinates locate in/near ""Himachal Pradesh""."
c6f0a684-ccc7-4970-82c8-ada31d12f3e0,Navjeevan Hospital - Amravati,Maharashtra,Amravati,444602,23.2456892,69.6777796,STATE_MISMATCH,"Declared state ""Maharashtra"" does not contain coordinates (23.2456892, 69.6777796). Coordinates locate in/near ""Gujarat""."
ac81a48b-e638-409b-961b-3fe8f3c2d5d9,Vyawahare Netralaya - Amravati,Maharashtra,Amravati,444603,11.7745244,79.3051192,STATE_MISMATCH,"Declared state ""Maharashtra"" does not contain coordinates (11.7745244, 79.3051192). Coordinates locate in/near ""Tamil Nadu""."
2368c0f1-859d-4ca4-84b2-115ffe2c074e,Dr.Khedkar Hospital,Maharashtra,Beed,431122,15.2326136,75.2726975,STATE_MISMATCH,"Declared state ""Maharashtra"" does not contain coordinates (15.2326136, 75.2726975). Coordinates locate in/near ""Karnataka""."
935d05e0-28aa-4891-a7f0-a640a850201a,Sanjeevani Multi Speciality(Sms) Hospital,Maharashtra,Beed,431122,26.7057476,88.4350699,STATE_MISMATCH,"Declared state ""Maharashtra"" does not contain coordinates (26.7057476, 88.4350699). Coordinates locate in/near ""West Bengal""."
5d81505d-b33d-4c6b-accb-1fbb04ddd63f,Gulwade Ent Maternity Hospital,Maharashtra,Chandrapur,442401,24.0678159,82.6316691,STATE_MISMATCH,"Declared state ""Maharashtra"" does not contain coordinates (24.0678159, 82.6316691). Coordinates locate in/near ""Chhattisgarh""."
25b904f8-dc63-4629-8595-f37f270ae4c3,Shri Vyankatesh Hospital and Research Center,Maharashtra,Chandrapur,442401,29.3947643,79.1264997,STATE_MISMATCH,"Declared state ""Maharashtra"" does not contain coordinates (29.3947643, 79.1264997). Coordinates locate in/near ""Uttar Pradesh""."
b4e0c341-2a62-4d54-9d61-b70d01fa7335,Wasnik Hospital,Maharashtra,Chandrapur,442401,29.3947643,79.1264997,STATE_MISMATCH,"Declared state ""Maharashtra"" does not contain coordinates (29.3947643, 79.1264997). Coordinates locate in/near ""Uttar Pradesh""."
97122247-d6f6-42a5-ad00-c5a173181ed3,Changuna Netralaya,Maharashtra,Chandrapur,442402,12.9775613,77.5904455,STATE_MISMATCH,"Declared state ""Maharashtra"" does not contain coordinates (12.9775613, 77.5904455). Coordinates locate in/near ""Andhra Pradesh""."
6743f989-3d32-4f15-80b9-715dbea853cf,Joshi Hospital,Maharashtra,Jalna,431204,23.8262383,79.4401512,STATE_MISMATCH,"Declared state ""Maharashtra"" does not contain coordinates (23.8262383, 79.4401512). Coordinates locate in/near ""Madhya Pradesh""."
3e6ceeb8-5a7f-4422-81a6-2e3657cffc7c,Orthopaedic Centre and Nursing Home,Maharashtra,Kolhapur,416012,23.2551197,87.8533437,STATE_MISMATCH,"Declared state ""Maharashtra"" does not contain coordinates (23.2551197, 87.8533437). Coordinates locate in/near ""Jharkhand""."
d92daa47-10b1-45f0-80b9-6963b7e5bd9c,Madhav Hospital,Maharashtra,Kolhapur,416216,26.5062289,73.5164644,STATE_MISMATCH,"Declared state ""Maharashtra"" does not contain coordinates (26.5062289, 73.5164644). Coordinates locate in/near ""Rajasthan""."
b453acc0-17fb-4ad0-8453-d36eb38e5bf1,Dr. Maindarkar Paed. Hospital,Maharashtra,Latur,413512,26.896061,75.776732,STATE_MISMATCH,"Declared state ""Maharashtra"" does not contain coordinates (26.896061, 75.776732). Coordinates locate in/near ""Madhya Pradesh""."
b33eda74-bc61-442d-9aae-6aedae842286,Pooja Clinic,Maharashtra,Latur,413521,26.5587354,78.7872876,STATE_MISMATCH,"Declared state ""Maharashtra"" does not contain coordinates (26.5587354, 78.7872876). Coordinates locate in/near ""Madhya Pradesh""."
85fadc85-8bdc-4b57-a4b8-deff946e2498,Sonkusare Clinic,Maharashtra,Mumbai,400001,22.5023688,88.4032524,STATE_MISMATCH,"Declared state ""Maharashtra"" does not contain coordinates (22.5023688, 88.4032524). Coordinates locate in/near ""West Bengal""."
756ced20-bb87-4efb-b2ba-bc59e9a8db8f,Shri Siddhi Vinayak Orthopaedic Hospital,Maharashtra,Mumbai,400065,24.5446027,73.6956989,STATE_MISMATCH,"Declared state ""Maharashtra"" does not contain coordinates (24.5446027, 73.6956989). Coordinates locate in/near ""Gujarat""."
1dc073f2-fd21-4eb1-a37e-2ddbbd1168f5,Kirti Nursing Home,Maharashtra,Mumbai,400067,30.7346267,79.0668943,STATE_MISMATCH,"Declared state ""Maharashtra"" does not contain coordinates (30.7346267, 79.0668943). Coordinates locate in/near ""Uttarakhand""."
996c856f-f44e-4439-b926-a16272bcc455,Dr (Mrs) Shubha S Rao,Maharashtra,Mumbai,400071,28.6960904,77.0764585,STATE_MISMATCH,"Declared state ""Maharashtra"" does not contain coordinates (28.6960904, 77.0764585). Coordinates locate in/near ""Haryana""."
3635bf9a-c6c5-441d-ba4a-1ae6789e2b6c,Saraswati Eye Hospital,Maharashtra,Mumbai,400077,22.3017014,73.2066838,STATE_MISMATCH,"Declared state ""Maharashtra"" does not contain coordinates (22.3017014, 73.2066838). Coordinates locate in/near ""Gujarat""."
9d9d2c4e-f3dc-4cde-9a3a-cb21d20370d7,Sai Swayam MatandNur Home,Maharashtra,Mumbai,400097,25.1240603,85.4594749,STATE_MISMATCH,"Declared state ""Maharashtra"" does not contain coordinates (25.1240603, 85.4594749). Coordinates locate in/near ""Bihar""."
dfc49278-8206-4f35-a2a8-98a7b68e5d0f,Kapadia Multispeciality Hospital,Maharashtra,Mumbai,400062,32.2396325,77.1887145,STATE_MISMATCH,"Declared state ""Maharashtra"" does not contain coordinates (32.2396325, 77.1887145). Coordinates locate in/near ""Himachal Pradesh""."
1c3f70f5-0722-418c-bc15-6eed14cd7fe0,Dr Syam K Babhulkar,Maharashtra,Nagpur,440010,9.9447991,78.148459,STATE_MISMATCH,"Declared state ""Maharashtra"" does not contain coordinates (9.9447991, 78.148459). Coordinates locate in/near ""Tamil Nadu""."
69fcdc77-d329-455a-9489-7d93cedf648d,Oke Eye Hospital,Maharashtra,Nagpur,440010,26.8657486,75.8013086,STATE_MISMATCH,"Declared state ""Maharashtra"" does not contain coordinates (26.8657486, 75.8013086). Coordinates locate in/near ""Madhya Pradesh""."
63977afd-caa6-417c-8728-1e569a2c35a5,Asha Hospital (Asha Institute Of Medical Sciences and Research Centre),Maharashtra,Nagpur,441001,29.0088973,77.7065754,STATE_MISMATCH,"Declared state ""Maharashtra"" does not contain coordinates (29.0088973, 77.7065754). Coordinates locate in/near ""Rajasthan""."
eca5cd3d-77f3-43ff-a2ab-1057ea57d24c,Shivam Eye Hospital,Maharashtra,Nashik,422002,30.0869281,78.2676116,STATE_MISMATCH,"Declared state ""Maharashtra"" does not contain coordinates (30.0869281, 78.2676116). Coordinates locate in/near ""Rajasthan""."
a903b403-a596-47bd-934c-526eed9b5795,Dwarkadhish Multispeciality Hospital,Maharashtra,Nashik,422011,22.2441975,68.9684562,STATE_MISMATCH,"Declared state ""Maharashtra"" does not contain coordinates (22.2441975, 68.9684562). Coordinates locate in/near ""Gujarat""."
26ce70f4-285f-4151-928f-0c3f0659bfd8,Criticare Hospital For Children,Maharashtra,Nashik,422101,28.6101555,77.1144458,STATE_MISMATCH,"Declared state ""Maharashtra"" does not contain coordinates (28.6101555, 77.1144458). Coordinates locate in/near ""Haryana""."
78bee61a-593a-444f-ae1c-869d9b47bb76,Yadav Nursing and Maternity Home - Tuljapur,Maharashtra,Osmanabad,413601,9.9158723,78.1110476,STATE_MISMATCH,"Declared state ""Maharashtra"" does not contain coordinates (9.9158723, 78.1110476). Coordinates locate in/near ""Tamil Nadu""."
3aafe545-83fc-4653-a8ec-5f2468d95bd5,Ashirwad Hospital,Maharashtra,Pune,410401,12.9551113,77.5913344,STATE_MISMATCH,"Declared state ""Maharashtra"" does not contain coordinates (12.9551113, 77.5913344). Coordinates locate in/near ""Andhra Pradesh""."
dea85822-41d4-4371-82da-fd2ba37bf0bd,Usha Nursing Home,Maharashtra,Pune,411001,22.4821388,88.3380091,STATE_MISMATCH,"Declared state ""Maharashtra"" does not contain coordinates (22.4821388, 88.3380091). Coordinates locate in/near ""West Bengal""."
794976da-9812-44c9-84ce-c681a9dc14fa,K. K. Hospital - Pune,Maharashtra,Pune,411014,22.8647723,88.36326,STATE_MISMATCH,"Declared state ""Maharashtra"" does not contain coordinates (22.8647723, 88.36326). Coordinates locate in/near ""West Bengal""."
ccdb9f5d-5d4c-4e82-a9c4-c4de620f7197,Matruchhaya Hospital,Maharashtra,Pune,412210,16.9529766,82.2471715,STATE_MISMATCH,"Declared state ""Maharashtra"" does not contain coordinates (16.9529766, 82.2471715). Coordinates locate in/near ""Andhra Pradesh""."
c74f0ae8-71d3-4cc3-b99d-8646599afc64,Dr S N Tiwary,Maharashtra,Raigarh,402201,21.8974003,83.3949632,STATE_MISMATCH,"Declared state ""Maharashtra"" does not contain coordinates (21.8974003, 83.3949632). Coordinates locate in/near ""Chhattisgarh""."
4850ae1a-63b0-432b-9c4c-98ac043693a8,Ranade Accident Hospital,Maharashtra,Raigarh,402301,13.6287557,79.4191795,STATE_MISMATCH,"Declared state ""Maharashtra"" does not contain coordinates (13.6287557, 79.4191795). Coordinates locate in/near ""Andhra Pradesh""."
33ee63f0-edcc-43a3-94fc-9d2919378b83,Dharamsi Hospital,Maharashtra,Sangli,416416,12.9851721,77.6037023,STATE_MISMATCH,"Declared state ""Maharashtra"" does not contain coordinates (12.9851721, 77.6037023). Coordinates locate in/near ""Andhra Pradesh""."
bb8f1e16-1540-445e-9ed2-1b7377415f46,Shintre Hospital,Maharashtra,Sangli,416416,24.459535,74.8748312,STATE_MISMATCH,"Declared state ""Maharashtra"" does not contain coordinates (24.459535, 74.8748312). Coordinates locate in/near ""Madhya Pradesh""."
01e3d1b0-64fe-4e72-ac87-692cbd9e0d49,Mhaskar Hospital,Maharashtra,Sindhudurg,416602,25.0386818,73.9055594,STATE_MISMATCH,"Declared state ""Maharashtra"" does not contain coordinates (25.0386818, 73.9055594). Coordinates locate in/near ""Rajasthan""."
602c457c-e5f3-430b-914f-16423b40f376,Lotus Hospital,Maharashtra,Solapur,413001,28.6270562,77.1100426,STATE_MISMATCH,"Declared state ""Maharashtra"" does not contain coordinates (28.6270562, 77.1100426). Coordinates locate in/near ""Haryana""."
6ca577f4-59b1-4c48-bcba-9372a683dd5f,Sanjeevan Nursing Home,Maharashtra,Solapur,413001,27.960742,80.6976478,STATE_MISMATCH,"Declared state ""Maharashtra"" does not contain coordinates (27.960742, 80.6976478). Coordinates locate in/near ""Uttar Pradesh""."
8f51d358-debe-46f1-b1eb-4f2831782552,Suyash Hospital and Maternity Home,Maharashtra,Solapur,413209,30.9669269,77.1116156,STATE_MISMATCH,"Declared state ""Maharashtra"" does not contain coordinates (30.9669269, 77.1116156). Coordinates locate in/near ""Himachal Pradesh""."
890b4a03-9491-406c-b62e-7ba0385662d3,Siddheshwar Hospital,Maharashtra,Solapur,413301,22.3071588,73.1812187,STATE_MISMATCH,"Declared state ""Maharashtra"" does not contain coordinates (22.3071588, 73.1812187). Coordinates locate in/near ""Gujarat""."
cb97a9a1-7560-4dbf-8992-ddba1796f878,Sri Ram Hospital,Maharashtra,Solapur,413401,13.0040167,77.6877765,STATE_MISMATCH,"Declared state ""Maharashtra"" does not contain coordinates (13.0040167, 77.6877765). Coordinates locate in/near ""Andhra Pradesh""."
41977272-88a7-4e52-86ab-47408790c8ed,Yadav Hospital,Maharashtra,Solapur,413401,21.4869337,86.9246005,STATE_MISMATCH,"Declared state ""Maharashtra"" does not contain coordinates (21.4869337, 86.9246005). Coordinates locate in/near ""Odisha""."
74aa62fb-374a-4216-bbef-49a0a0f470d5,Bilal Hospital I.C.U,Maharashtra,Thane,400612,31.1048145,77.1734033,STATE_MISMATCH,"Declared state ""Maharashtra"" does not contain coordinates (31.1048145, 77.1734033). Coordinates locate in/near ""Himachal Pradesh""."
32ac7488-5427-4e3c-9bbc-1a694d9bb104,Anurag Nursing Home;,Maharashtra,Thane,400706,15.5049283,73.7919103,STATE_MISMATCH,"Declared state ""Maharashtra"" does not contain coordinates (15.5049283, 73.7919103). Coordinates locate in/near ""Goa""."
4af892de-dd34-44f5-8a53-d0ff74656e5e,Chaitanya Child Care Centre,Maharashtra,Thane,400706,15.5049283,73.7919103,STATE_MISMATCH,"Declared state ""Maharashtra"" does not contain coordinates (15.5049283, 73.7919103). Coordinates locate in/near ""Goa""."
e2a5346f-0c5e-4640-9067-a4df98a2a9d9,Sanjivani Hospital and Iccu,Maharashtra,Thane,400706,15.5049283,73.7919103,STATE_MISMATCH,"Declared state ""Maharashtra"" does not contain coordinates (15.5049283, 73.7919103). Coordinates locate in/near ""Goa""."
140949f0-8e65-44d1-9e03-d1c9375375eb,Sanjivni Hospital,Maharashtra,Thane,400708,22.5179486,88.3526516,STATE_MISMATCH,"Declared state ""Maharashtra"" does not contain coordinates (22.5179486, 88.3526516). Coordinates locate in/near ""West Bengal""."
